month,pnl_usd,executed_trades,candidate_trades,equity_end,equity_start,return_percent,asset,timeframe,initial_balance_usd,risk_percent
2024-01,-26.555590522174747,33,34,473.4444094778253,500.0,-5.311118104434949,xauusd,30min,500,1
2024-02,-22.32088610110801,22,22,451.12352337671723,473.4444094778253,-4.7145738030207855,xauusd,30min,500,1
2024-03,-11.427302411703405,16,22,439.6962209650138,451.12352337671723,-2.5330761575385354,xauusd,30min,500,1
2024-04,-8.716647725696731,4,25,430.9795732393171,439.6962209650138,-1.98242498117588,xauusd,30min,500,1
2024-05,11.06166111093653,10,24,442.0412343502536,430.9795732393171,2.5666323412488365,xauusd,30min,500,1
2024-06,-16.668587165234403,11,23,425.3726471850192,442.0412343502536,-3.7708217853782764,xauusd,30min,500,1
2024-07,-5.166125387084669,9,21,420.20652179793456,425.3726471850192,-1.2144940257142631,xauusd,30min,500,1
2024-08,-8.885827084101422,6,18,411.3206947138331,420.20652179793456,-2.1146333108019597,xauusd,30min,500,1
2024-09,-10.396311776897148,14,29,400.924382936936,411.3206947138331,-2.5275440575948025,xauusd,30min,500,1
2024-10,23.017710022024964,9,22,423.942092958961,400.924382936936,5.741159929812892,xauusd,30min,500,1
2024-11,-3.4132955457971175,3,21,420.52879741316383,423.942092958961,-0.8051324939152801,xauusd,30min,500,1
2024-12,-14.52435510075633,7,24,406.0044423124075,420.52879741316383,-3.453831269130981,xauusd,30min,500,1
2025-01,32.60618696008732,15,35,438.61062927249486,406.0044423124075,8.030992659680777,xauusd,30min,500,1
2025-02,6.703153463782982,2,21,445.3137827362778,438.61062927249486,1.5282697263632719,xauusd,30min,500,1
2025-03,-8.365213396641686,5,19,436.94856933963615,445.3137827362778,-1.878498649927416,xauusd,30min,500,1
2025-04,0.0,0,25,436.94856933963615,436.94856933963615,0.0,xauusd,30min,500,1
2025-05,0.0,0,25,436.94856933963615,436.94856933963615,0.0,xauusd,30min,500,1
2025-06,0.0,0,30,436.94856933963615,436.94856933963615,0.0,xauusd,30min,500,1
2025-07,-4.074877170100372,1,30,432.87369216953573,436.94856933963615,-0.9325759267867076,xauusd,30min,500,1
2025-08,12.96424046797549,4,17,445.83793263751124,432.87369216953573,2.9949245478512525,xauusd,30min,500,1
2025-09,0.0,0,20,445.83793263751124,445.83793263751124,0.0,xauusd,30min,500,1
2025-10,0.0,0,20,445.83793263751124,445.83793263751124,0.0,xauusd,30min,500,1
2025-11,0.0,0,15,445.83793263751124,445.83793263751124,0.0,xauusd,30min,500,1
2025-12,0.0,0,24,445.83793263751124,445.83793263751124,0.0,xauusd,30min,500,1
2026-01,0.0,0,18,445.83793263751124,445.83793263751124,0.0,xauusd,30min,500,1
2026-02,0.0,0,14,445.83793263751124,445.83793263751124,0.0,xauusd,30min,500,1
2026-03,0.0,0,23,445.83793263751124,445.83793263751124,0.0,xauusd,30min,500,1
2026-04,0.0,0,26,445.83793263751124,445.83793263751124,0.0,xauusd,30min,500,1
2026-05,0.0,0,24,445.83793263751124,445.83793263751124,0.0,xauusd,30min,500,1
2026-06,0.0,0,18,445.83793263751124,445.83793263751124,0.0,xauusd,30min,500,1
2026-07,0.0,0,25,445.83793263751124,445.83793263751124,0.0,xauusd,30min,500,1
2026-08,0.0,0,31,445.83793263751124,445.83793263751124,0.0,xauusd,30min,500,1
2024-01,-66.48184724843634,34,34,433.51815275156366,500.0,-13.296369449687267,xauusd,30min,500,2
2024-02,-49.5932661329492,22,22,383.92488661861444,433.51815275156366,-11.439720763289381,xauusd,30min,500,2
2024-03,-3.1988961875089323,22,22,380.7259904311055,383.92488661861444,-0.8332088642866933,xauusd,30min,500,2
2024-04,-26.155464537659505,17,25,354.570525893446,380.7259904311055,-6.8698920470449165,xauusd,30min,500,2
2024-05,7.527155471923121,24,24,362.0976813653691,354.570525893446,2.122893732623774,xauusd,30min,500,2
2024-06,-9.419587921102124,23,23,352.678093444267,362.0976813653691,-2.6013941557381677,xauusd,30min,500,2
2024-07,24.370279328023276,21,21,377.0483727722903,352.678093444267,6.910063250604042,xauusd,30min,500,2
2024-08,-6.564020637823508,16,18,370.4843521344668,377.0483727722903,-1.7408961586442646,xauusd,30min,500,2
2024-09,-62.59707121592268,27,29,307.8872809185441,370.4843521344668,-16.89600946849252,xauusd,30min,500,2
2024-10,48.64656630087207,22,22,356.53384721941615,307.8872809185441,15.800122095248941,xauusd,30min,500,2
2024-11,69.76893921946319,20,21,426.30278643887937,356.53384721941615,19.56867202471421,xauusd,30min,500,2
2024-12,-34.315761939489605,24,24,391.98702449938975,426.30278643887937,-8.049621778489028,xauusd,30min,500,2
2025-01,-37.972293022737745,35,35,354.014731476652,391.98702449938975,-9.687130096010833,xauusd,30min,500,2
2025-02,-25.58365487070973,17,21,328.4310766059423,354.014731476652,-7.226720414711618,xauusd,30min,500,2
2025-03,-22.57977913223231,15,19,305.85129747370996,328.4310766059423,-6.875043423288457,xauusd,30min,500,2
2025-04,0.0,0,25,305.85129747370996,305.85129747370996,0.0,xauusd,30min,500,2
2025-05,20.093710089716005,1,25,325.945007563426,305.85129747370996,6.569764541032623,xauusd,30min,500,2
2025-06,2.515355540141208,3,30,328.46036310356715,325.945007563426,0.7717116328746783,xauusd,30min,500,2
2025-07,-0.01257216123779159,21,30,328.4477909423294,328.46036310356715,-0.00382760376899037,xauusd,30min,500,2
2025-08,58.25969442203651,15,17,386.7074853643659,328.4477909423294,17.73788590719006,xauusd,30min,500,2
2025-09,23.848726058752142,11,20,410.55621142311804,386.7074853643659,6.167122944693261,xauusd,30min,500,2
2025-10,-7.842413438196509,1,20,402.71379798492154,410.55621142311804,-1.9101923731739963,xauusd,30min,500,2
2025-11,0.0,0,15,402.71379798492154,402.71379798492154,0.0,xauusd,30min,500,2
2025-12,-21.502749328848004,3,24,381.21104865607356,402.71379798492154,-5.339461780659701,xauusd,30min,500,2
2026-01,0.0,0,18,381.21104865607356,381.21104865607356,0.0,xauusd,30min,500,2
2026-02,0.0,0,14,381.21104865607356,381.21104865607356,0.0,xauusd,30min,500,2
2026-03,0.0,0,23,381.21104865607356,381.21104865607356,0.0,xauusd,30min,500,2
2026-04,0.0,0,26,381.21104865607356,381.21104865607356,0.0,xauusd,30min,500,2
2026-05,0.0,0,24,381.21104865607356,381.21104865607356,0.0,xauusd,30min,500,2
2026-06,0.0,0,18,381.21104865607356,381.21104865607356,0.0,xauusd,30min,500,2
2026-07,0.0,0,25,381.21104865607356,381.21104865607356,0.0,xauusd,30min,500,2
2026-08,0.0,0,31,381.21104865607356,381.21104865607356,0.0,xauusd,30min,500,2
2024-01,-101.3570029907813,34,34,398.6429970092187,500.0,-20.27140059815626,xauusd,30min,500,3
2024-02,-69.99794322296738,22,22,328.6450537862513,398.6429970092187,-17.559055031223505,xauusd,30min,500,3
2024-03,-20.926126432676394,22,22,307.71892735357494,328.6450537862513,-6.367394303243223,xauusd,30min,500,3
2024-04,-52.017854629233014,24,25,255.70107272434188,307.71892735357494,-16.90434029410986,xauusd,30min,500,3
2024-05,4.03661541341376,24,24,259.73768813775564,255.70107272434188,1.578646256899136,xauusd,30min,500,3
2024-06,-20.482917130802367,23,23,239.25477100695326,259.73768813775564,-7.886001172051303,xauusd,30min,500,3
2024-07,24.370279328023276,21,21,263.62505033497655,239.25477100695326,10.185911539174707,xauusd,30min,500,3
2024-08,-6.564020637823508,16,18,257.061029697153,263.62505033497655,-2.489907779811858,xauusd,30min,500,3
2024-09,-62.59707121592268,27,29,194.46395848123035,257.061029697153,-24.351054412903082,xauusd,30min,500,3
2024-10,45.446448888645385,21,22,239.9104073698757,194.46395848123035,23.370114052795994,xauusd,30min,500,3
2024-11,77.42400112526639,20,21,317.3344084951421,239.9104073698757,32.2720477090016,xauusd,30min,500,3
2024-12,-38.49273041831407,24,24,278.84167807682803,317.3344084951421,-12.13002100870613,xauusd,30min,500,3
2025-01,-34.92362924800115,35,35,243.9180488288269,278.84167807682803,-12.524537037959869,xauusd,30min,500,3
2025-02,-25.58365487070973,17,21,218.33439395811718,243.9180488288269,-10.488627222769988,xauusd,30min,500,3
2025-03,-22.57977913223231,15,19,195.75461482588486,218.33439395811718,-10.341833333214447,xauusd,30min,500,3
2025-04,0.0,0,25,195.75461482588486,195.75461482588486,0.0,xauusd,30min,500,3
2025-05,20.093710089716005,1,25,215.84832491560087,195.75461482588486,10.264744004931112,xauusd,30min,500,3
2025-06,2.515355540141208,3,30,218.3636804557421,215.84832491560087,1.1653347512077015,xauusd,30min,500,3
2025-07,0.47504060890708644,23,30,218.83872106464918,218.3636804557421,0.21754561377406698,xauusd,30min,500,3
2025-08,58.24309209384871,16,17,277.0818131584979,218.83872106464918,26.61461911790399,xauusd,30min,500,3
2025-09,15.384827161042573,13,20,292.4666403195405,277.0818131584979,5.552449287691812,xauusd,30min,500,3
2025-10,3.731103697191301,2,20,296.19774401673175,292.4666403195405,1.2757365055771168,xauusd,30min,500,3
2025-11,-8.771346418313279,1,15,287.4263975984185,296.19774401673175,-2.961314390638235,xauusd,30min,500,3
2025-12,-21.502749328848004,3,24,265.92364826957044,287.4263975984185,-7.481132390244423,xauusd,30min,500,3
2026-01,0.0,0,18,265.92364826957044,265.92364826957044,0.0,xauusd,30min,500,3
2026-02,0.0,0,14,265.92364826957044,265.92364826957044,0.0,xauusd,30min,500,3
2026-03,0.0,0,23,265.92364826957044,265.92364826957044,0.0,xauusd,30min,500,3
2026-04,0.0,0,26,265.92364826957044,265.92364826957044,0.0,xauusd,30min,500,3
2026-05,0.0,0,24,265.92364826957044,265.92364826957044,0.0,xauusd,30min,500,3
2026-06,0.0,0,18,265.92364826957044,265.92364826957044,0.0,xauusd,30min,500,3
2026-07,0.0,0,25,265.92364826957044,265.92364826957044,0.0,xauusd,30min,500,3
2026-08,0.0,0,31,265.92364826957044,265.92364826957044,0.0,xauusd,30min,500,3
2024-01,-136.32868125015364,34,34,363.67131874984636,500.0,-27.265736250030727,xauusd,30min,500,4
2024-02,-85.281688895716,22,22,278.38962985413036,363.67131874984636,-23.45021025822978,xauusd,30min,500,4
2024-03,-31.412130880403023,22,22,246.97749897372734,278.38962985413036,-11.283513289220666,xauusd,30min,500,4
2024-04,-55.97973811007673,24,25,190.99776086365063,246.97749897372734,-22.66592638709637,xauusd,30min,500,4
2024-05,-0.03285110294330007,24,24,190.96490976070731,190.99776086365063,-0.017199731973167893,xauusd,30min,500,4
2024-06,-16.788530213375093,23,23,174.1763795473322,190.96490976070731,-8.791421541482318,xauusd,30min,500,4
2024-07,24.370279328023276,21,21,198.5466588753555,174.1763795473322,13.991724590532487,xauusd,30min,500,4
2024-08,-6.564020637823508,16,18,191.982638237532,198.5466588753555,-3.306034296927806,xauusd,30min,500,4
2024-09,-55.79028875003742,27,29,136.1923494874946,191.982638237532,-29.06006983871659,xauusd,30min,500,4
2024-10,47.512141446530926,20,22,183.7044909340255,136.1923494874946,34.886057568816355,xauusd,30min,500,4
2024-11,79.97135767861452,21,21,263.67584861264004,183.7044909340255,43.53260895909994,xauusd,30min,500,4
2024-12,-36.433629654130876,24,24,227.24221895850917,263.67584861264004,-13.817583159713145,xauusd,30min,500,4
2025-01,-33.417812200842825,35,35,193.82440675766634,227.24221895850917,-14.705811426240468,xauusd,30min,500,4
2025-02,-33.94977419666801,19,21,159.87463256099835,193.82440675766634,-17.515737447407506,xauusd,30min,500,4
2025-03,-16.17591812383897,14,19,143.69871443715937,159.87463256099835,-10.117876654176035,xauusd,30min,500,4
2025-04,0.0,0,25,143.69871443715937,143.69871443715937,0.0,xauusd,30min,500,4
2025-05,20.093710089716005,1,25,163.79242452687538,143.69871443715937,13.98322188783613,xauusd,30min,500,4
2025-06,-6.216820004056409,3,30,157.575604522819,163.79242452687538,-3.7955479455256134,xauusd,30min,500,4
2025-07,-1.7538145948955446,20,30,155.82178992792342,157.575604522819,-1.112998804736662,xauusd,30min,500,4
2025-08,58.24309209384871,16,17,214.06488202177212,155.82178992792342,37.378015052188466,xauusd,30min,500,4
2025-09,46.76087852466274,18,20,260.8257605464349,214.06488202177212,21.844254920761262,xauusd,30min,500,4
2025-10,10.83929484344744,5,20,271.66505538988235,260.8257605464349,4.1557608499785115,xauusd,30min,500,4
2025-11,50.352289228264205,4,15,322.0173446181465,271.66505538988235,18.534694922760934,xauusd,30min,500,4
2025-12,-45.18472310998557,19,24,276.83262150816097,322.0173446181465,-14.031766880000319,xauusd,30min,500,4
2026-01,4.770431128507006,3,18,281.60305263666794,276.83262150816097,1.7232185652536525,xauusd,30min,500,4
2026-02,0.0,0,14,281.60305263666794,281.60305263666794,0.0,xauusd,30min,500,4
2026-03,0.0,0,23,281.60305263666794,281.60305263666794,0.0,xauusd,30min,500,4
2026-04,-20.80139459711576,2,26,260.8016580395522,281.60305263666794,-7.38677880170365,xauusd,30min,500,4
2026-05,6.991566163984935,1,24,267.79322420353714,260.8016580395522,2.6807982037156455,xauusd,30min,500,4
2026-06,0.0,0,18,267.79322420353714,267.79322420353714,0.0,xauusd,30min,500,4
2026-07,67.46672278758692,13,25,335.259946991124,267.79322420353714,25.193588444309782,xauusd,30min,500,4
2026-08,-27.95109331545648,17,31,307.3088536756676,335.259946991124,-8.337140647521633,xauusd,30min,500,4
2024-01,-191.51345208022798,34,34,308.486547919772,500.0,-38.3026904160456,xauusd,30min,500,5
2024-02,-83.72561677961819,22,22,224.76093114015384,308.486547919772,-27.140767512946034,xauusd,30min,500,5
2024-03,-25.10267670677244,22,22,199.6582544333814,224.76093114015384,-11.168612169131475,xauusd,30min,500,5
2024-04,-52.017854629233014,24,25,147.6403998041484,199.6582544333814,-26.053445562196607,xauusd,30min,500,5
2024-05,3.747836849196479,24,24,151.38823665334485,147.6403998041484,2.538490043489555,xauusd,30min,500,5
2024-06,-16.788530213375093,23,23,134.59970643996974,151.38823665334485,-11.0897191119401,xauusd,30min,500,5
2024-07,24.370279328023276,21,21,158.96998576799302,134.59970643996974,18.105744783991934,xauusd,30min,500,5
2024-08,-6.564020637823508,16,18,152.40596513016953,158.96998576799302,-4.129094310546957,xauusd,30min,500,5
2024-09,-48.15960027702772,25,29,104.24636485314181,152.40596513016953,-31.599550736675386,xauusd,30min,500,5
2024-10,47.512141446530926,20,22,151.75850629967272,104.24636485314181,45.5767848725125,xauusd,30min,500,5
2024-11,79.97135767861452,21,21,231.72986397828726,151.75850629967272,52.69645809553345,xauusd,30min,500,5
2024-12,-41.62392278845182,24,24,190.10594118983545,231.72986397828726,-17.96226091616397,xauusd,30min,500,5
2025-01,-43.82796890702432,35,35,146.2779722828111,190.10594118983545,-23.054497209668327,xauusd,30min,500,5
2025-02,-25.58365487070973,17,21,120.69431741210138,146.2779722828111,-17.48975219676054,xauusd,30min,500,5
2025-03,-6.813778378184473,11,19,113.88053903391693,120.69431741210138,-5.645483999813641,xauusd,30min,500,5
2025-04,0.0,0,25,113.88053903391693,113.88053903391693,0.0,xauusd,30min,500,5
2025-05,20.093710089716005,1,25,133.97424912363294,113.88053903391693,17.644551264137863,xauusd,30min,500,5
2025-06,-4.147359207166829,4,30,129.82688991646614,133.97424912363294,-3.0956390756402743,xauusd,30min,500,5
2025-07,-0.2121322406131796,23,30,129.61475767585296,129.82688991646614,-0.16339622766105755,xauusd,30min,500,5
2025-08,71.24612588801402,17,17,200.860883563867,129.61475767585296,54.967603354388,xauusd,30min,500,5
2025-09,18.0746209168945,20,20,218.9355044807615,200.860883563867,8.998576824017295,xauusd,30min,500,5
2025-10,10.83929484344744,5,20,229.7747993242089,218.9355044807615,4.950907742969538,xauusd,30min,500,5
2025-11,38.88807982746212,5,15,268.66287915167106,229.7747993242089,16.92443207080843,xauusd,30min,500,5
2025-12,-51.605077501832426,19,24,217.0578016498386,268.66287915167106,-19.208116009468977,xauusd,30min,500,5
2026-01,4.770431128507006,3,18,221.82823277834564,217.0578016498386,2.197769945262206,xauusd,30min,500,5
2026-02,0.0,0,14,221.82823277834564,221.82823277834564,0.0,xauusd,30min,500,5
2026-03,0.0,0,23,221.82823277834564,221.82823277834564,0.0,xauusd,30min,500,5
2026-04,-20.80139459711576,2,26,201.0268381812299,221.82823277834564,-9.377252992814872,xauusd,30min,500,5
2026-05,6.991566163984935,1,24,208.01840434521483,201.0268381812299,3.4779267421407147,xauusd,30min,500,5
2026-06,0.0,0,18,208.01840434521483,208.01840434521483,0.0,xauusd,30min,500,5
2026-07,78.06812270961942,12,25,286.0865270548343,208.01840434521483,37.5294306075256,xauusd,30min,500,5
2026-08,-44.161595564826484,18,31,241.9249314900078,286.0865270548343,-15.436447154451988,xauusd,30min,500,5
2024-01,-75.33022755234562,34,34,924.6697724476544,1000.0,-7.533022755234561,xauusd,30min,1000,1
2024-02,-37.89093542724849,22,22,886.778837020406,924.6697724476544,-4.097780262346956,xauusd,30min,1000,1
2024-03,5.515799842827999,22,22,892.2946368632339,886.778837020406,0.6220040006098018,xauusd,30min,1000,1
2024-04,-52.43296777471048,24,25,839.8616690885234,892.2946368632339,-5.876194432708119,xauusd,30min,1000,1
2024-05,7.321311851282749,24,24,847.1829809398062,839.8616690885234,0.871728300117369,xauusd,30min,1000,1
2024-06,-24.26593213202347,23,23,822.9170488077827,847.1829809398062,-2.864308263735955,xauusd,30min,1000,1
2024-07,15.049613256121024,21,21,837.9666620639038,822.9170488077827,1.8288129135159426,xauusd,30min,1000,1
2024-08,-18.510000431368596,16,18,819.4566616325351,837.9666620639038,-2.2089184772313786,xauusd,30min,1000,1
2024-09,-73.77844453315244,29,29,745.6782170993827,819.4566616325351,-9.003336965516858,xauusd,30min,1000,1
2024-10,44.71101555979781,22,22,790.3892326591805,745.6782170993827,5.996020070657207,xauusd,30min,1000,1
2024-11,70.46166469174807,20,21,860.8508973509286,790.3892326591805,8.914805741303852,xauusd,30min,1000,1
2024-12,-38.49273041831407,24,24,822.3581669326145,860.8508973509286,-4.471474739326709,xauusd,30min,1000,1
2025-01,-14.013714774237293,35,35,808.3444521583772,822.3581669326145,-1.7040889648494977,xauusd,30min,1000,1
2025-02,-41.622886511745406,20,21,766.7215656466318,808.3444521583772,-5.149152245754552,xauusd,30min,1000,1
2025-03,-40.0614685120291,19,19,726.6600971346027,766.7215656466318,-5.2250347853777095,xauusd,30min,1000,1
2025-04,-13.100214132618603,2,25,713.5598830019842,726.6600971346027,-1.8027980598186044,xauusd,30min,1000,1
2025-05,20.093710089716005,1,25,733.6535930917001,713.5598830019842,2.8159809104150733,xauusd,30min,1000,1
2025-06,-5.371529283007078,8,30,728.282063808693,733.6535930917001,-0.732161517858972,xauusd,30min,1000,1
2025-07,-3.8503712678767847,27,30,724.4316925408164,728.282063808693,-0.5286923101937342,xauusd,30min,1000,1
2025-08,58.25969442203651,15,17,782.6913869628528,724.4316925408164,8.042123918916483,xauusd,30min,1000,1
2025-09,24.11542708069433,12,20,806.8068140435471,782.6913869628528,3.0810901311015537,xauusd,30min,1000,1
2025-10,-7.842413438196509,1,20,798.9644006053506,806.8068140435471,-0.9720311357922192,xauusd,30min,1000,1
2025-11,0.0,0,15,798.9644006053506,798.9644006053506,0.0,xauusd,30min,1000,1
2025-12,-21.502749328848004,3,24,777.4616512765026,798.9644006053506,-2.6913275876316938,xauusd,30min,1000,1
2026-01,0.0,0,18,777.4616512765026,777.4616512765026,0.0,xauusd,30min,1000,1
2026-02,0.0,0,14,777.4616512765026,777.4616512765026,0.0,xauusd,30min,1000,1
2026-03,0.0,0,23,777.4616512765026,777.4616512765026,0.0,xauusd,30min,1000,1
2026-04,0.0,0,26,777.4616512765026,777.4616512765026,0.0,xauusd,30min,1000,1
2026-05,0.0,0,24,777.4616512765026,777.4616512765026,0.0,xauusd,30min,1000,1
2026-06,0.0,0,18,777.4616512765026,777.4616512765026,0.0,xauusd,30min,1000,1
2026-07,0.0,0,25,777.4616512765026,777.4616512765026,0.0,xauusd,30min,1000,1
2026-08,0.0,0,31,777.4616512765026,777.4616512765026,0.0,xauusd,30min,1000,1
2024-01,-145.07343454729332,34,34,854.9265654527067,1000.0,-14.507343454729332,xauusd,30min,1000,2
2024-02,-97.49089688051507,22,22,757.4356685721916,854.9265654527067,-11.403423500928527,xauusd,30min,1000,2
2024-03,-21.038915964469915,22,22,736.3967526077217,757.4356685721916,-2.7776505434619208,xauusd,30min,1000,2
2024-04,-69.96848172745636,25,25,666.4282708802652,736.3967526077217,-9.501465273941607,xauusd,30min,1000,2
2024-05,-6.0930396443819195,24,24,660.3352312358834,666.4282708802652,-0.9142828884395623,xauusd,30min,1000,2
2024-06,-35.724485290044754,23,23,624.6107459458386,660.3352312358834,-5.410052894373485,xauusd,30min,1000,2
2024-07,41.1306550548308,21,21,665.7414010006694,624.6107459458386,6.5850059932201885,xauusd,30min,1000,2
2024-08,-44.53309305611367,18,18,621.2083079445558,665.7414010006694,-6.689247955614058,xauusd,30min,1000,2
2024-09,-108.60954102552625,29,29,512.5987669190295,621.2083079445558,-17.483594413746943,xauusd,30min,1000,2
2024-10,74.3444054318304,22,22,586.9431723508599,512.5987669190295,14.503430407895207,xauusd,30min,1000,2
2024-11,169.19931829897806,21,21,756.142490649838,586.9431723508599,28.82720615375605,xauusd,30min,1000,2
2024-12,-59.71509620463156,24,24,696.4273944452063,756.142490649838,-7.897333762226705,xauusd,30min,1000,2
2025-01,-44.84396396612597,35,35,651.5834304790804,696.4273944452063,-6.439144169773783,xauusd,30min,1000,2
2025-02,-69.20282258280079,21,21,582.3806078962797,651.5834304790804,-10.620715528619108,xauusd,30min,1000,2
2025-03,-40.95866116764436,19,19,541.4219467286352,582.3806078962797,-7.032971327049918,xauusd,30min,1000,2
2025-04,5.3761229579983265,12,25,546.7980696866337,541.4219467286352,0.9929636193142499,xauusd,30min,1000,2
2025-05,91.63351922865388,22,25,638.4315889152875,546.7980696866337,16.75820093534135,xauusd,30min,1000,2
2025-06,-84.2867862060911,30,30,554.1448027091965,638.4315889152875,-13.202164126824712,xauusd,30min,1000,2
2025-07,-1.7821808025264119,30,30,552.36262190667,554.1448027091965,-0.32160922448670204,xauusd,30min,1000,2
2025-08,146.94255505720784,17,17,699.3051769638779,552.36262190667,26.602552241856074,xauusd,30min,1000,2
2025-09,53.98275900482476,20,20,753.2879359687026,699.3051769638779,7.719485109376388,xauusd,30min,1000,2
2025-10,51.283990174397594,10,20,804.5719261431002,753.2879359687026,6.808019579982803,xauusd,30min,1000,2
2025-11,-2.4080196920985837,14,15,802.1639064510016,804.5719261431002,-0.2992920351623475,xauusd,30min,1000,2
2025-12,-128.58428110171977,24,24,673.5796253492819,802.1639064510016,-16.02967673659274,xauusd,30min,1000,2
2026-01,-33.43651414829146,10,18,640.1431112009905,673.5796253492819,-4.964003198723995,xauusd,30min,1000,2
2026-02,0.0,0,14,640.1431112009905,640.1431112009905,0.0,xauusd,30min,1000,2
2026-03,0.0,0,23,640.1431112009905,640.1431112009905,0.0,xauusd,30min,1000,2
2026-04,-42.8351883616663,4,26,597.3079228393241,640.1431112009905,-6.691501886398808,xauusd,30min,1000,2
2026-05,-27.150911725481166,4,24,570.1570111138429,597.3079228393241,-4.545546892533814,xauusd,30min,1000,2
2026-06,0.0,0,18,570.1570111138429,570.1570111138429,0.0,xauusd,30min,1000,2
2026-07,95.97303225349351,15,25,666.1300433673364,570.1570111138429,16.832737365800917,xauusd,30min,1000,2
2026-08,-27.95109331545648,17,31,638.17895005188,666.1300433673364,-4.196041537799684,xauusd,30min,1000,2
2024-01,-229.85388213369842,34,34,770.1461178663016,1000.0,-22.98538821336984,xauusd,30min,1000,3
2024-02,-141.56894010954767,22,22,628.5771777567539,770.1461178663016,-18.382088388858726,xauusd,30min,1000,3
2024-03,-38.792127901106205,22,22,589.7850498556477,628.5771777567539,-6.171418446903578,xauusd,30min,1000,3
2024-04,-94.81748219044908,25,25,494.96756766519866,589.7850498556477,-16.076616762947122,xauusd,30min,1000,3
2024-05,-1.7885858655966,24,24,493.17898179960207,494.96756766519866,-0.3613541537748628,xauusd,30min,1000,3
2024-06,-47.33110185035605,23,23,445.847879949246,493.17898179960207,-9.597144971110819,xauusd,30min,1000,3
2024-07,51.33213141839049,21,21,497.1800113676365,445.847879949246,11.513373445721887,xauusd,30min,1000,3
2024-08,-49.98469891521327,18,18,447.1953124524232,497.1800113676365,-10.053642095891183,xauusd,30min,1000,3
2024-09,-111.71791687589098,29,29,335.4773955765322,447.1953124524232,-24.98190695766217,xauusd,30min,1000,3
2024-10,94.32796947969055,22,22,429.80536505622274,335.4773955765322,28.117533617304947,xauusd,30min,1000,3
2024-11,149.08671775915667,21,21,578.8920828153794,429.80536505622274,34.68703042821596,xauusd,30min,1000,3
2024-12,-72.06626342344843,24,24,506.82581939193096,578.8920828153794,-12.448997932906927,xauusd,30min,1000,3
2025-01,-60.008923772006,35,35,446.81689561992494,506.82581939193096,-11.840147339770942,xauusd,30min,1000,3
2025-02,-69.20282258280079,21,21,377.6140730371242,446.81689561992494,-15.487960115471253,xauusd,30min,1000,3
2025-03,-39.23152198076209,19,19,338.3825510563621,377.6140730371242,-10.389316707723745,xauusd,30min,1000,3
2025-04,-20.060750022697377,6,25,318.32180103366477,338.3825510563621,-5.928423306719498,xauusd,30min,1000,3
2025-05,-4.924488739356736,10,25,313.397312294308,318.32180103366477,-1.5470158573386361,xauusd,30min,1000,3
2025-06,-49.52602111170347,16,30,263.8712911826045,313.397312294308,-15.802950175014304,xauusd,30min,1000,3
2025-07,-24.0865831688303,29,30,239.7847080137742,263.8712911826045,-9.128156026705412,xauusd,30min,1000,3
2025-08,71.24612588801402,17,17,311.03083390178824,239.7847080137742,29.712539418452554,xauusd,30min,1000,3
2025-09,33.73381021582942,20,20,344.76464411761765,311.03083390178824,10.84580901277501,xauusd,30min,1000,3
2025-10,10.83929484344744,5,20,355.60393896106507,344.76464411761765,3.1439693798037993,xauusd,30min,1000,3
2025-11,61.19804669878299,3,15,416.801985659848,355.60393896106507,17.20960877924458,xauusd,30min,1000,3
2025-12,-45.18472310998557,19,24,371.6172625498624,416.801985659848,-10.840812823492834,xauusd,30min,1000,3
2026-01,4.770431128507006,3,18,376.3876936783694,371.6172625498624,1.283694706692191,xauusd,30min,1000,3
2026-02,0.0,0,14,376.3876936783694,376.3876936783694,0.0,xauusd,30min,1000,3
2026-03,0.0,0,23,376.3876936783694,376.3876936783694,0.0,xauusd,30min,1000,3
2026-04,-20.80139459711576,2,26,355.5862990812536,376.3876936783694,-5.5265873317555805,xauusd,30min,1000,3
2026-05,6.991566163984935,1,24,362.5778652452385,355.5862990812536,1.9662079731557147,xauusd,30min,1000,3
2026-06,0.0,0,18,362.5778652452385,362.5778652452385,0.0,xauusd,30min,1000,3
2026-07,79.83179553152618,12,25,442.40966077676467,362.5778652452385,22.01783483874008,xauusd,30min,1000,3
2026-08,-27.95109331545648,17,31,414.45856746130823,442.40966077676467,-6.317921101989748,xauusd,30min,1000,3
2024-01,-322.68573309489716,34,34,677.3142669051028,1000.0,-32.26857330948972,xauusd,30min,1000,4
2024-02,-168.63614562758795,22,22,508.6781212775149,677.3142669051028,-24.897769597877854,xauusd,30min,1000,4
2024-03,-44.96877959527685,22,22,463.709341682238,508.6781212775149,-8.840321160725455,xauusd,30min,1000,4
2024-04,-107.41593046683575,25,25,356.2934112154022,463.709341682238,-23.164495689725335,xauusd,30min,1000,4
2024-05,2.970813843404409,24,24,359.2642250588066,356.2934112154022,0.8338110528820197,xauusd,30min,1000,4
2024-06,-47.4852477916626,23,23,311.778977267144,359.2642250588066,-13.217360505040524,xauusd,30min,1000,4
2024-07,41.1306550548308,21,21,352.90963232197475,311.778977267144,13.192247731183137,xauusd,30min,1000,4
2024-08,-47.93619136868114,18,18,304.97344095329356,352.90963232197475,-13.5831348816648,xauusd,30min,1000,4
2024-09,-87.03835411405214,29,29,217.93508683924142,304.97344095329356,-28.53965048300124,xauusd,30min,1000,4
2024-10,67.7951452037819,22,22,285.7302320430233,217.93508683924142,31.10795337594749,xauusd,30min,1000,4
2024-11,149.08671775915667,21,21,434.81694980218003,285.7302320430233,52.1774390806179,xauusd,30min,1000,4
2024-12,-72.06626342344843,24,24,362.75068637873164,434.81694980218003,-16.573931502954284,xauusd,30min,1000,4
2025-01,-63.968360012517415,35,35,298.7823263662142,362.75068637873164,-17.634249200491087,xauusd,30min,1000,4
2025-02,-62.84853322299724,21,21,235.93379314321692,298.7823263662142,-21.034889843505834,xauusd,30min,1000,4
2025-03,-44.101905788248956,19,19,191.831887354968,235.93379314321692,-18.692492160916576,xauusd,30min,1000,4
2025-04,-13.100214132618603,2,25,178.7316732223494,191.831887354968,-6.829007582236739,xauusd,30min,1000,4
2025-05,20.093710089716005,1,25,198.82538331206536,178.7316732223494,11.24238906705619,xauusd,30min,1000,4
2025-06,-25.36536893216975,7,30,173.4600143798956,198.82538331206536,-12.757610979860488,xauusd,30min,1000,4
2025-07,-11.73890372498678,28,30,161.72111065490878,173.4600143798956,-6.7674984156736855,xauusd,30min,1000,4
2025-08,79.55806725023052,16,17,241.27917790513925,161.72111065490878,49.19460850104894,xauusd,30min,1000,4
2025-09,23.081487735904947,20,20,264.3606656410442,241.27917790513925,9.566299063311467,xauusd,30min,1000,4
2025-10,10.83929484344744,5,20,275.1999604844916,264.3606656410442,4.100191992316027,xauusd,30min,1000,4
2025-11,50.352289228264205,4,15,325.55224971275584,275.1999604844916,18.296619352567717,xauusd,30min,1000,4
2025-12,-45.18472310998557,19,24,280.3675266027702,325.55224971275584,-13.879407422265814,xauusd,30min,1000,4
2026-01,4.770431128507006,3,18,285.1379577312772,280.3675266027702,1.7014920330862136,xauusd,30min,1000,4
2026-02,0.0,0,14,285.1379577312772,285.1379577312772,0.0,xauusd,30min,1000,4
2026-03,0.0,0,23,285.1379577312772,285.1379577312772,0.0,xauusd,30min,1000,4
2026-04,-21.568126494446588,2,26,263.5698312368306,285.1379577312772,-7.564102186203163,xauusd,30min,1000,4
2026-05,6.991566163984935,1,24,270.5613974008155,263.5698312368306,2.6526428048218706,xauusd,30min,1000,4
2026-06,0.0,0,18,270.5613974008155,270.5613974008155,0.0,xauusd,30min,1000,4
2026-07,67.46672278758692,13,25,338.02812018840245,270.5613974008155,24.935827296767048,xauusd,30min,1000,4
2026-08,-27.95109331545648,17,31,310.077026872946,338.02812018840245,-8.268866300199443,xauusd,30min,1000,4
2024-01,-375.0406719960971,34,34,624.9593280039029,1000.0,-37.50406719960971,xauusd,30min,1000,5
2024-02,-176.82077551379604,22,22,448.1385524901068,624.9593280039029,-28.293165265418967,xauusd,30min,1000,5
2024-03,-74.31916251647925,22,22,373.8193899736275,448.1385524901068,-16.583969869032845,xauusd,30min,1000,5
2024-04,-95.96116522898143,25,25,277.8582247446461,373.8193899736275,-25.670462207899746,xauusd,30min,1000,5
2024-05,-21.18725025606733,24,24,256.67097448857885,277.8582247446461,-7.625201764510868,xauusd,30min,1000,5
2024-06,-48.182241202777035,23,23,208.4887332858018,256.67097448857885,-18.771986703514468,xauusd,30min,1000,5
2024-07,35.54880590098058,21,21,244.0375391867824,208.4887332858018,17.050708371972,xauusd,30min,1000,5
2024-08,-41.2165593286103,17,18,202.8209798581721,244.0375391867824,-16.88943408704995,xauusd,30min,1000,5
2024-09,-84.71443216452214,28,29,118.10654769364999,202.8209798581721,-41.7680814991432,xauusd,30min,1000,5
2024-10,41.36372291520212,22,22,159.47027060885216,118.10654769364999,35.022379133875944,xauusd,30min,1000,5
2024-11,75.21175752161147,21,21,234.68202813046366,159.47027060885216,47.16349776949365,xauusd,30min,1000,5
2024-12,-41.62392278845182,24,24,193.0581053420118,234.68202813046366,-17.73630606486509,xauusd,30min,1000,5
2025-01,-37.87207641950211,35,35,155.18602892250965,193.0581053420118,-19.61693157218646,xauusd,30min,1000,5
2025-02,-33.94977419666801,19,21,121.2362547258416,155.18602892250965,-21.87682385610913,xauusd,30min,1000,5
2025-03,-6.813778378184473,11,19,114.42247634765715,121.2362547258416,-5.620248162229076,xauusd,30min,1000,5
2025-04,0.0,0,25,114.42247634765715,114.42247634765715,0.0,xauusd,30min,1000,5
2025-05,20.093710089716005,1,25,134.5161864373731,114.42247634765715,17.56098166295929,xauusd,30min,1000,5
2025-06,-4.429888062216179,4,30,130.08629837515696,134.5161864373731,-3.2932007511814265,xauusd,30min,1000,5
2025-07,-0.2121322406131796,23,30,129.87416613454377,130.08629837515696,-0.1630703950091728,xauusd,30min,1000,5
2025-08,71.24612588801402,17,17,201.1202920225578,129.87416613454377,54.85781199488608,xauusd,30min,1000,5
2025-09,18.0746209168945,20,20,219.19491293945225,201.1202920225578,8.986970302761511,xauusd,30min,1000,5
2025-10,10.83929484344744,5,20,230.03420778289967,219.19491293945225,4.945048540629935,xauusd,30min,1000,5
2025-11,38.88807982746212,5,15,268.92228761036176,230.03420778289967,16.90534647097517,xauusd,30min,1000,5
2025-12,-51.605077501832426,19,24,217.31721010852937,268.92228761036176,-19.18958743077569,xauusd,30min,1000,5
2026-01,4.770431128507006,3,18,222.08764123703634,217.31721010852937,2.1951464985790254,xauusd,30min,1000,5
2026-02,0.0,0,14,222.08764123703634,222.08764123703634,0.0,xauusd,30min,1000,5
2026-03,0.0,0,23,222.08764123703634,222.08764123703634,0.0,xauusd,30min,1000,5
2026-04,-20.80139459711576,2,26,201.2862466399206,222.08764123703634,-9.366299935129765,xauusd,30min,1000,5
2026-05,6.991566163984935,1,24,208.27781280390548,201.2862466399206,3.473444550084981,xauusd,30min,1000,5
2026-06,0.0,0,18,208.27781280390548,208.27781280390548,0.0,xauusd,30min,1000,5
2026-07,78.06812270961942,12,25,286.34593551352486,208.27781280390548,37.48268798228687,xauusd,30min,1000,5
2026-08,-44.161595564826484,18,31,242.18433994869838,286.34593551352486,-15.422462863189695,xauusd,30min,1000,5
2024-01,-243.08221064407823,34,34,2756.9177893559217,3000.0,-8.102740354802608,xauusd,30min,3000,1
2024-02,-162.82719445033865,22,22,2594.090594905583,2756.9177893559217,-5.906131661923034,xauusd,30min,3000,1
2024-03,-31.045560075344767,22,22,2563.0450348302384,2594.090594905583,-1.1967801022953375,xauusd,30min,3000,1
2024-04,-137.24855099130036,25,25,2425.796483838938,2563.0450348302384,-5.354902045269404,xauusd,30min,3000,1
2024-05,-26.951862645909014,24,24,2398.844621193029,2425.796483838938,-1.1110520946611488,xauusd,30min,3000,1
2024-06,-72.07854347161685,23,23,2326.7660777214123,2398.844621193029,-3.0047191399903874,xauusd,30min,3000,1
2024-07,105.05333992911746,21,21,2431.8194176505294,2326.7660777214123,4.51499361861058,xauusd,30min,3000,1
2024-08,-88.72139379090271,18,18,2343.0980238596267,2431.8194176505294,-3.648354526119366,xauusd,30min,3000,1
2024-09,-234.71985998902204,29,29,2108.378163870605,2343.0980238596267,-10.017500659335793,xauusd,30min,3000,1
2024-10,193.2523848525413,22,22,2301.630548723146,2108.378163870605,9.165926121041041,xauusd,30min,3000,1
2024-11,298.8261020426707,21,21,2600.456650765817,2301.630548723146,12.983234959600603,xauusd,30min,3000,1
2024-12,-115.99237624410779,24,24,2484.464274521709,2600.456650765817,-4.460461827346701,xauusd,30min,3000,1
2025-01,-94.49123150426428,35,35,2389.973043017445,2484.464274521709,-3.8032839704428856,xauusd,30min,3000,1
2025-02,-148.6318421531579,21,21,2241.3412008642867,2389.973043017445,-6.218975673696458,xauusd,30min,3000,1
2025-03,-123.33906442046609,19,19,2118.0021364438207,2241.3412008642867,-5.502913361558033,xauusd,30min,3000,1
2025-04,86.81890482127015,25,25,2204.821041265091,2118.0021364438207,4.099094298697984,xauusd,30min,3000,1
2025-05,143.48688683935382,25,25,2348.3079281044447,2204.821041265091,6.507869988260967,xauusd,30min,3000,1
2025-06,-188.4248908278809,30,30,2159.8830372765638,2348.3079281044447,-8.02385788391804,xauusd,30min,3000,1
2025-07,-15.174922539412258,30,30,2144.708114737152,2159.8830372765638,-0.7025807544906041,xauusd,30min,3000,1
2025-08,256.8263023406759,17,17,2401.5344170778276,2144.708114737152,11.974883695171345,xauusd,30min,3000,1
2025-09,91.11828058614667,20,20,2492.6526976639743,2401.5344170778276,3.794169258545078,xauusd,30min,3000,1
2025-10,126.02414591078455,20,20,2618.676843574759,2492.6526976639743,5.055824504909565,xauusd,30min,3000,1
2025-11,8.937016403581584,15,15,2627.6138599783403,2618.676843574759,0.3412798499940776,xauusd,30min,3000,1
2025-12,-224.35581954224318,24,24,2403.258040436097,2627.6138599783403,-8.53838621265655,xauusd,30min,3000,1
2026-01,-58.42095099096878,17,18,2344.837089445128,2403.258040436097,-2.430906295038034,xauusd,30min,3000,1
2026-02,-23.989446697495545,6,14,2320.847642747633,2344.837089445128,-1.0230751980800636,xauusd,30min,3000,1
2026-03,-29.52754051813085,12,23,2291.320102229502,2320.847642747633,-1.2722739732787212,xauusd,30min,3000,1
2026-04,-270.24013803002737,25,26,2021.0799641994747,2291.320102229502,-11.79408052882171,xauusd,30min,3000,1
2026-05,35.83507838138212,24,24,2056.9150425808566,2021.0799641994747,1.7730658368866645,xauusd,30min,3000,1
2026-06,61.44910160466227,14,18,2118.364144185519,2056.9150425808566,2.987439944411157,xauusd,30min,3000,1
2026-07,186.06330358899382,25,25,2304.427447774513,2118.364144185519,8.783348420039111,xauusd,30min,3000,1
2026-08,-114.40964703859585,31,31,2190.0178007359173,2304.427447774513,-4.964775400027729,xauusd,30min,3000,1
2024-01,-487.5211031864073,34,34,2512.4788968135927,3000.0,-16.25070343954691,xauusd,30min,3000,2
2024-02,-317.9489408760967,22,22,2194.529955937496,2512.4788968135927,-12.654790505079658,xauusd,30min,3000,2
2024-03,-76.9568846050797,22,22,2117.5730713324165,2194.529955937496,-3.506759358507091,xauusd,30min,3000,2
2024-04,-224.40008361377983,25,25,1893.1729877186365,2117.5730713324165,-10.597040860204324,xauusd,30min,3000,2
2024-05,-27.381233150317776,24,24,1865.7917545683188,1893.1729877186365,-1.4463143795070446,xauusd,30min,3000,2
2024-06,-103.44510294201758,23,23,1762.346651626301,1865.7917545683188,-5.544300573133967,xauusd,30min,3000,2
2024-07,168.7595327988972,21,21,1931.1061844251983,1762.346651626301,9.575842110470443,xauusd,30min,3000,2
2024-08,-148.1921514652097,18,18,1782.9140329599886,1931.1061844251983,-7.6739514719807955,xauusd,30min,3000,2
2024-09,-368.84821202700687,29,29,1414.0658209329818,1782.9140329599886,-20.687941493995993,xauusd,30min,3000,2
2024-10,289.6244659178052,22,22,1703.6902868507868,1414.0658209329818,20.48168208511785,xauusd,30min,3000,2
2024-11,460.89363901951657,21,21,2164.5839258703036,1703.6902868507868,27.05266576775892,xauusd,30min,3000,2
2024-12,-179.5417094609467,24,24,1985.0422164093566,2164.5839258703036,-8.294513662193035,xauusd,30min,3000,2
2025-01,-187.87342219522523,35,35,1797.1687942141314,1985.0422164093566,-9.464454742683511,xauusd,30min,3000,2
2025-02,-223.62757727497245,21,21,1573.5412169391589,1797.1687942141314,-12.443326302733887,xauusd,30min,3000,2
2025-03,-179.77077533954335,19,19,1393.7704415996154,1573.5412169391589,-11.424599076548638,xauusd,30min,3000,2
2025-04,73.64576389423736,25,25,1467.4162054938529,1393.7704415996154,5.283923499605495,xauusd,30min,3000,2
2025-05,119.26146115806198,25,25,1586.677666651915,1467.4162054938529,8.127309805599769,xauusd,30min,3000,2
2025-06,-293.4171165819797,30,30,1293.260550069935,1586.677666651915,-18.492547210368564,xauusd,30min,3000,2
2025-07,-77.60933174836532,30,30,1215.6512183215698,1293.260550069935,-6.001059240859738,xauusd,30min,3000,2
2025-08,272.90636327891457,17,17,1488.5575816004844,1215.6512183215698,22.449396600425576,xauusd,30min,3000,2
2025-09,115.02215122234705,20,20,1603.5797328228314,1488.5575816004844,7.727087795869893,xauusd,30min,3000,2
2025-10,240.10703305124656,20,20,1843.686765874078,1603.5797328228314,14.97318955438397,xauusd,30min,3000,2
2025-11,-10.1327916599257,15,15,1833.5539742141523,1843.686765874078,-0.5495939900139067,xauusd,30min,3000,2
2025-12,-307.4222717815071,24,24,1526.1317024326452,1833.5539742141523,-16.766469714275306,xauusd,30min,3000,2
2026-01,-18.101624711652413,18,18,1508.0300777209927,1526.1317024326452,-1.1861115710261785,xauusd,30min,3000,2
2026-02,25.206550638872734,7,14,1533.2366283598656,1508.0300777209927,1.6714885870821674,xauusd,30min,3000,2
2026-03,-91.7405007977656,19,23,1441.4961275621,1533.2366283598656,-5.9834535061885585,xauusd,30min,3000,2
2026-04,-274.34890018448147,26,26,1167.1472273776185,1441.4961275621,-19.03223289600287,xauusd,30min,3000,2
2026-05,13.169918260609265,24,24,1180.3171456382277,1167.1472273776185,1.1283853443408192,xauusd,30min,3000,2
2026-06,128.67989906685543,18,18,1308.997044705083,1180.3171456382277,10.902146049676752,xauusd,30min,3000,2
2026-07,226.06124619458308,25,25,1535.0582908996662,1308.997044705083,17.26980569658312,xauusd,30min,3000,2
2026-08,-181.43598340976354,31,31,1353.6223074899026,1535.0582908996662,-11.819484933267754,xauusd,30min,3000,2
2024-01,-723.8933258579502,34,34,2276.10667414205,3000.0,-24.129777528598343,xauusd,30min,3000,3
2024-02,-426.1674326896848,22,22,1849.939241452365,2276.10667414205,-18.72352634132683,xauusd,30min,3000,3
2024-03,-77.63343211150513,22,22,1772.30580934086,1849.939241452365,-4.196539560432052,xauusd,30min,3000,3
2024-04,-294.42302337358956,25,25,1477.8827859672704,1772.30580934086,-16.612427822661637,xauusd,30min,3000,3
2024-05,-50.58415949327859,24,24,1427.2986264739918,1477.8827859672704,-3.4227450223781717,xauusd,30min,3000,3
2024-06,-134.05348440591692,23,23,1293.245142068075,1427.2986264739918,-9.39211191823841,xauusd,30min,3000,3
2024-07,170.7745642154701,21,21,1464.019706283545,1293.245142068075,13.20511932814055,xauusd,30min,3000,3
2024-08,-192.10743016898866,18,18,1271.9122761145563,1464.019706283545,-13.121915596113029,xauusd,30min,3000,3
2024-09,-376.832254434656,29,29,895.0800216799003,1271.9122761145563,-29.62722048613329,xauusd,30min,3000,3
2024-10,281.2945020486095,22,22,1176.3745237285098,895.0800216799003,31.426743445873317,xauusd,30min,3000,3
2024-11,492.63274997513486,21,21,1669.0072737036446,1176.3745237285098,41.87720322382869,xauusd,30min,3000,3
2024-12,-221.4384839890066,24,24,1447.5687897146381,1669.0072737036446,-13.2676763893077,xauusd,30min,3000,3
2025-01,-213.2436803462196,35,35,1234.3251093684185,1447.5687897146381,-14.7311604022809,xauusd,30min,3000,3
2025-02,-223.41073736846255,21,21,1010.9143719999558,1234.3251093684185,-18.099829264818062,xauusd,30min,3000,3
2025-03,-157.27524960811022,19,19,853.6391223918458,1010.9143719999558,-15.557722193321148,xauusd,30min,3000,3
2025-04,97.6113828733996,25,25,951.2505052652455,853.6391223918458,11.43473633212807,xauusd,30min,3000,3
2025-05,119.26146115806198,25,25,1070.5119664233075,951.2505052652455,12.537334855323653,xauusd,30min,3000,3
2025-06,-269.8595021086868,30,30,800.6524643146208,1070.5119664233075,-25.20845264442168,xauusd,30min,3000,3
2025-07,-66.01449864815899,30,30,734.6379656664617,800.6524643146208,-8.245087799070113,xauusd,30min,3000,3
2025-08,266.2171276648445,17,17,1000.8550933313063,734.6379656664617,36.23786682782355,xauusd,30min,3000,3
2025-09,104.67317159266567,20,20,1105.528264923972,1000.8550933313063,10.458374273169275,xauusd,30min,3000,3
2025-10,222.68422335169691,20,20,1328.2124882756689,1105.528264923972,20.142788784058006,xauusd,30min,3000,3
2025-11,-17.85038787251883,15,15,1310.36210040315,1328.2124882756689,-1.343940674409169,xauusd,30min,3000,3
2025-12,-311.7680765155762,24,24,998.5940238875737,1310.36210040315,-23.792513261766093,xauusd,30min,3000,3
2026-01,-18.101624711652413,18,18,980.4923991759213,998.5940238875737,-1.8127110996701075,xauusd,30min,3000,3
2026-02,25.206550638872734,7,14,1005.6989498147941,980.4923991759213,2.570805307624842,xauusd,30min,3000,3
2026-03,-131.39403610945018,17,23,874.304913705344,1005.6989498147941,-13.064947132901676,xauusd,30min,3000,3
2026-04,-281.5642503254072,25,26,592.7406633799369,874.304913705344,-32.20435410023319,xauusd,30min,3000,3
2026-05,28.63724118874503,22,24,621.377904568682,592.7406633799369,4.831327249500518,xauusd,30min,3000,3
2026-06,42.31410160466325,13,18,663.6920061733454,621.377904568682,6.809720991613759,xauusd,30min,3000,3
2026-07,210.11383284986974,25,25,873.805839023215,663.6920061733454,31.658334121172388,xauusd,30min,3000,3
2026-08,-152.2754084435486,31,31,721.5304305796662,873.805839023215,-17.426686987325454,xauusd,30min,3000,3
2024-01,-971.5561046175692,34,34,2028.4438953824308,3000.0,-32.385203487252305,xauusd,30min,3000,4
2024-02,-505.62448403768576,22,22,1522.819411344745,2028.4438953824308,-24.92671772626762,xauusd,30min,3000,4
2024-03,-134.9132204576354,22,22,1387.9061908871097,1522.819411344745,-8.859436611626755,xauusd,30min,3000,4
2024-04,-307.8014397173248,25,25,1080.1047511697848,1387.9061908871097,-22.17739511058647,xauusd,30min,3000,4
2024-05,-43.56283126494584,24,24,1036.541919904839,1080.1047511697848,-4.033204299653902,xauusd,30min,3000,4
2024-06,-133.06544985298123,23,23,903.4764700518576,1036.541919904839,-12.837440271127429,xauusd,30min,3000,4
2024-07,146.29474344900785,21,21,1049.7712135008655,903.4764700518576,16.192424296408166,xauusd,30min,3000,4
2024-08,-151.04729251893733,18,18,898.7239209819281,1049.7712135008655,-14.38859158799107,xauusd,30min,3000,4
2024-09,-334.1146809670144,29,29,564.6092400149137,898.7239209819281,-37.176564812247044,xauusd,30min,3000,4
2024-10,226.84543150783037,22,22,791.4546715227439,564.6092400149137,40.17742102517459,xauusd,30min,3000,4
2024-11,385.96210853264233,21,21,1177.4167800553862,791.4546715227439,48.76616721334887,xauusd,30min,3000,4
2024-12,-196.11819519565302,24,24,981.2985848597332,1177.4167800553862,-16.6566502633356,xauusd,30min,3000,4
2025-01,-183.1134723346593,35,35,798.1851125250737,981.2985848597332,-18.66032165539437,xauusd,30min,3000,4
2025-02,-202.24331803639018,21,21,595.9417944886836,798.1851125250737,-25.337896543395754,xauusd,30min,3000,4
2025-03,-132.59005620894885,19,19,463.35173827973495,595.9417944886836,-22.248826552383484,xauusd,30min,3000,4
2025-04,15.415071968292885,24,25,478.7668102480279,463.35173827973495,3.3268617973731414,xauusd,30min,3000,4
2025-05,53.16468686516075,25,25,531.9314971131885,478.7668102480279,11.104505518588157,xauusd,30min,3000,4
2025-06,-149.22590641676615,30,30,382.7055906964224,531.9314971131885,-28.05359472537734,xauusd,30min,3000,4
2025-07,-36.43951186233648,30,30,346.2660788340859,382.7055906964224,-9.521552009738416,xauusd,30min,3000,4
2025-08,158.52673214722392,17,17,504.7928109813097,346.2660788340859,45.78176778996084,xauusd,30min,3000,4
2025-09,38.21026876674628,20,20,543.0030797480558,504.7928109813097,7.569495431693269,xauusd,30min,3000,4
2025-10,145.81653175216343,20,20,688.8196115002193,543.0030797480558,26.85372094387012,xauusd,30min,3000,4
2025-11,-3.564643855805886,15,15,685.2549676444132,688.8196115002193,-0.5175003435285831,xauusd,30min,3000,4
2025-12,-191.01139681954498,24,24,494.24357082486813,685.2549676444132,-27.87450012601193,xauusd,30min,3000,4
2026-01,8.459726236683522,17,18,502.70329706155144,494.24357082486813,1.7116512456731923,xauusd,30min,3000,4
2026-02,-1.702571703105235,5,14,501.0007253584463,502.70329706155144,-0.33868321792541783,xauusd,30min,3000,4
2026-03,-8.59854051812956,11,23,492.40218484031675,501.0007253584463,-1.7162730676642521,xauusd,30min,3000,4
2026-04,-171.12009435260774,17,26,321.28209048770896,492.40218484031675,-34.75209891850927,xauusd,30min,3000,4
2026-05,-39.553097953295584,5,24,281.72899253441346,321.28209048770896,-12.31101861085803,xauusd,30min,3000,4
2026-06,0.0,0,18,281.72899253441346,281.72899253441346,0.0,xauusd,30min,3000,4
2026-07,78.21078588292148,15,25,359.93977841733476,281.72899253441346,27.761000094219256,xauusd,30min,3000,4
2026-08,-31.861927415243724,20,31,328.07785100209094,359.93977841733476,-8.852016177634354,xauusd,30min,3000,4
2024-01,-1182.0948087775332,34,34,1817.9051912224668,3000.0,-39.40316029258444,xauusd,30min,3000,5
2024-02,-564.6424233432041,22,22,1253.2627678792628,1817.9051912224668,-31.060058911185855,xauusd,30min,3000,5
2024-03,-141.54175722496407,22,22,1111.7210106542987,1253.2627678792628,-11.293861180004349,xauusd,30min,3000,5
2024-04,-304.59172592982947,25,25,807.129284724469,1111.7210106542987,-27.398216190100005,xauusd,30min,3000,5
2024-05,-39.476592289006966,24,24,767.6526924354621,807.129284724469,-4.8909874831865565,xauusd,30min,3000,5
2024-06,-134.09653378845206,23,23,633.5561586470099,767.6526924354621,-17.468385783031145,xauusd,30min,3000,5
2024-07,117.49059120925979,21,21,751.0467498562698,633.5561586470099,18.544621436585302,xauusd,30min,3000,5
2024-08,-132.54059602654448,18,18,618.5061538297255,751.0467498562698,-17.647449516545965,xauusd,30min,3000,5
2024-09,-274.0176770846989,29,29,344.4884767450267,618.5061538297255,-44.303144825319855,xauusd,30min,3000,5
2024-10,153.80061699028326,22,22,498.28909373530996,344.4884767450267,44.646084665444086,xauusd,30min,3000,5
2024-11,325.43358284603823,21,21,823.7226765813484,498.28909373530996,65.31019581554554,xauusd,30min,3000,5
2024-12,-178.93022986936984,24,24,644.7924467119788,823.7226765813484,-21.722144473668525,xauusd,30min,3000,5
2025-01,-145.44943152395405,35,35,499.34301518802476,644.7924467119788,-22.557558213600572,xauusd,30min,3000,5
2025-02,-138.93521652302294,21,21,360.4077986650018,499.34301518802476,-27.823602673346233,xauusd,30min,3000,5
2025-03,-88.48815042069988,19,19,271.9196482443017,360.4077986650018,-24.552229654428043,xauusd,30min,3000,5
2025-04,27.35063419044243,19,25,299.27028243474433,271.9196482443017,10.058351563425717,xauusd,30min,3000,5
2025-05,67.39325440395677,25,25,366.663536838701,299.27028243474433,22.51919363849694,xauusd,30min,3000,5
2025-06,-142.9919541854486,30,30,223.67158265325224,366.663536838701,-38.99813857093519,xauusd,30min,3000,5
2025-07,-24.28999885206325,30,30,199.3815838011892,223.67158265325224,-10.859671382447772,xauusd,30min,3000,5
2025-08,102.58210900588793,17,17,301.9636928070772,199.3815838011892,51.4501425107428,xauusd,30min,3000,5
2025-09,41.923346975646645,20,20,343.88703978272406,301.9636928070772,13.883572089718488,xauusd,30min,3000,5
2025-10,76.86769159953346,19,20,420.75473138225743,343.88703978272406,22.352599169803046,xauusd,30min,3000,5
2025-11,-27.841154481820574,15,15,392.91357690043696,420.75473138225743,-6.616955771443665,xauusd,30min,3000,5
2025-12,-132.51663746629762,23,24,260.3969394341393,392.91357690043696,-33.72666287372322,xauusd,30min,3000,5
2026-01,-29.40682280788762,6,18,230.99011662625162,260.3969394341393,-11.293075437749266,xauusd,30min,3000,5
2026-02,0.0,0,14,230.99011662625162,230.99011662625162,0.0,xauusd,30min,3000,5
2026-03,0.0,0,23,230.99011662625162,230.99011662625162,0.0,xauusd,30min,3000,5
2026-04,-21.568126494446588,2,26,209.42199013180516,230.99011662625162,-9.337250792138613,xauusd,30min,3000,5
2026-05,6.991566163984935,1,24,216.41355629578993,209.42199013180516,3.3385062187522005,xauusd,30min,3000,5
2026-06,0.0,0,18,216.41355629578993,216.41355629578993,0.0,xauusd,30min,3000,5
2026-07,49.61228434856439,10,25,266.0258406443545,216.41355629578993,22.924758133337665,xauusd,30min,3000,5
2026-08,-35.39966521649977,16,31,230.62617542785483,266.0258406443545,-13.306852120364123,xauusd,30min,3000,5
