symbol,mode,initial_balance_usd,risk_percent,candidate_trades,executed_trades,skipped_min_lot,skipped_margin,skipped_insolvent,final_balance_usd,return_percent,max_balance_drawdown_percent,trades_per_week,trades_per_month,mean_monthly_return_percent,geometric_monthly_return_percent,median_monthly_return_percent,positive_months,negative_months,flat_months,risk_budget_breaches,mean_executed_risk_budget_utilization_percent,tail_candidates,tail_executed,tail_skipped,ruined
US500,risk_only,500,1,688,681,7,0,0,922.8542113160437,84.57084226320875,23.641995618056132,4.894250513347023,21.28125,2.231864304155743,1.9336549649195511,0.25370640328191285,17,15,0,6,99.22019782062738,53,53,0,False
US500,risk_only,500,2,688,685,3,0,0,1348.7217147620204,169.74434295240405,43.94469634672835,4.922997946611909,21.40625,4.3297306255815,3.1495317437426396,-0.12073254789428553,16,16,0,7,99.67288082400599,53,53,0,False
US500,risk_only,500,3,688,688,0,0,0,1637.1050003252333,227.42100006504666,59.08904536776186,4.944558521560575,21.5,6.395698526225766,3.776036342475586,-0.9126420749371543,15,17,0,8,99.75454639847003,53,53,0,False
US500,risk_only,500,4,688,688,0,0,0,1645.9561687909188,229.19123375818376,71.92682639755898,4.944558521560575,21.5,8.37277745143124,3.793524190524966,-2.004516214964051,15,17,0,8,99.79903219060813,53,53,0,False
US500,risk_only,500,5,688,688,0,0,0,1377.846654666394,175.56933093327876,81.59192587458845,4.944558521560575,21.5,10.23452420419372,3.218421940949545,-3.5389735128040036,15,17,0,8,99.82066639915963,53,53,0,False
US500,risk_only,1000,1,688,685,3,0,0,1830.3728526404334,83.03728526404335,24.35516470025119,4.922997946611909,21.40625,2.2055261778756647,1.9070808790051075,0.2550610472353239,17,15,0,7,99.57749102758045,53,53,0,False
US500,risk_only,1000,2,688,688,0,0,0,2716.5787111239983,171.65787111239985,43.99351905745898,4.944558521560575,21.5,4.356819431092463,3.17232004151331,-0.1344076886766493,16,16,0,7,99.82594914252527,53,53,0,False
US500,risk_only,1000,3,688,688,0,0,0,3281.391917606083,228.13919176060833,59.16103618184517,4.944558521560575,21.5,6.40744106286332,3.7831422564254646,-0.9123105682717951,15,17,0,8,99.87974437647063,53,53,0,False
US500,risk_only,1000,4,688,688,0,0,0,3293.634004840968,229.36340048409681,71.99856558249827,4.944558521560575,21.5,8.38140923960212,3.7952201334943148,-2.056330616367728,15,17,0,8,99.90153380354313,53,53,0,False
US500,risk_only,1000,5,688,688,0,0,0,2762.8260390824657,176.28260390824659,81.62203297645905,4.944558521560575,21.5,10.254652915278422,3.226760446377286,-3.517497125021626,15,17,0,8,99.90682842119836,53,53,0,False
US500,risk_only,3000,1,688,688,0,0,0,5525.573710024956,84.1857903341652,24.4853901277724,4.944558521560575,21.5,2.2282094043149847,1.9270027991438399,0.2620628324783147,17,15,0,8,99.86355926706321,53,53,0,False
US500,risk_only,3000,2,688,688,0,0,0,8161.772880147888,172.05909600492961,44.025914629577066,4.944558521560575,21.5,4.364248766782609,3.1770785219867648,-0.1455708842045787,16,16,0,8,99.93810138714345,53,53,0,False
US500,risk_only,3000,3,688,688,0,0,0,9866.67681936903,228.88922731230096,59.23403959550857,4.944558521560575,21.5,6.4194972749771235,3.7905471736687346,-0.9191994638274519,15,17,0,8,99.96160374092112,53,53,0,False
US500,risk_only,3000,4,688,688,0,0,0,9878.45020334386,229.28167344479533,72.0455984708717,4.944558521560575,21.5,8.385617638810073,3.794415181449451,-2.0438988995526035,15,17,0,8,99.96796354130353,53,53,0,False
US500,risk_only,3000,5,688,688,0,0,0,8282.756394094187,176.0918798031396,81.66117088704932,4.944558521560575,21.5,10.256705552094443,3.2245328339918222,-3.540687587649969,15,17,0,8,99.97013808662297,53,53,0,False
US500_x100,risk_only,500,1,688,0,688,0,0,500.0,0.0,0.0,0.0,0.0,0.0,0.0,0.0,0,0,32,0,,53,0,53,False
US500_x100,risk_only,500,2,688,6,682,0,0,509.6074291888135,1.9214858377627042,5.303657495047144,0.043121149897330596,0.1875,0.06862051532808769,0.05949451659761351,0.0,3,2,27,0,90.48055080641446,53,1,52,False
US500_x100,risk_only,500,3,688,194,494,0,0,1140.0187526786249,128.003750535725,42.56772339429716,1.3942505133470227,6.0625,3.3579129038674274,2.6090548386200174,0.0,15,13,4,1,89.07030389316813,53,19,34,False
US500_x100,risk_only,500,4,688,572,116,0,0,3006.6866375527507,501.33732751055015,61.37618234929643,4.11088295687885,17.875,8.95165050264118,5.766331857166396,7.034878232161438,19,13,0,1,91.96927373052618,53,45,8,False
US500_x100,risk_only,500,5,688,182,506,0,0,293.08476102734585,-41.383047794530825,69.98012516819779,1.3080082135523614,5.6875,-0.9073773723787828,-1.6553529451216908,0.0,10,10,12,0,90.33669262766351,53,12,41,False
US500_x100,risk_only,1000,1,688,6,682,0,0,1009.6074291888135,0.9607429188813521,2.7492758760796194,0.043121149897330596,0.1875,0.032250971370002136,0.029884374878941244,0.0,3,2,27,0,91.86216937938659,53,1,52,False
US500_x100,risk_only,1000,2,688,489,199,0,0,3741.7865890083776,274.1786589008377,36.31898628917992,3.5143737166324436,15.28125,5.0989904655301235,4.209837622844126,3.997088292547286,19,12,1,2,90.04366873168541,53,42,11,False
US500_x100,risk_only,1000,3,688,603,85,0,0,3639.911723367567,263.9911723367567,50.397148075485596,4.333675564681725,18.84375,6.259272729737239,4.119983136165639,2.294781643709807,16,16,0,3,91.82666998648952,53,46,7,False
US500_x100,risk_only,1000,4,688,613,75,0,0,2746.2367238527067,174.62367238527068,68.22253580420619,4.405544147843942,19.15625,7.1448139016351595,3.2073344412042903,-0.9072515624112785,16,16,0,1,92.31424254097251,53,46,7,False
US500_x100,risk_only,1000,5,688,640,48,0,0,2809.2997715809206,180.92997715809207,75.75795698022245,4.59958932238193,20.0,9.386585382312385,3.2805852218812825,-0.2693888859925624,16,16,0,1,93.85193534427944,53,48,5,False
US500_x100,risk_only,3000,1,688,548,140,0,0,5854.983327250381,95.16611090834604,18.213951378757905,3.938398357289528,17.125,2.3458784902109366,2.111613281275493,1.6296135122166076,19,13,0,2,90.43241803537025,53,46,7,False
US500_x100,risk_only,3000,2,688,670,18,0,0,8267.67427847059,175.5891426156863,38.27576635455037,4.815195071868583,20.9375,4.260284324048336,3.2186538312531265,0.7783736667996555,18,14,0,3,94.6494230906429,53,52,1,False
US500_x100,risk_only,3000,3,688,679,9,0,0,9260.356249869208,208.67854166230694,56.67243841927735,4.879876796714579,21.21875,6.046070926187504,3.5850491007444862,-1.1114102391201985,15,17,0,2,96.44519657775398,53,53,0,False
US500_x100,risk_only,3000,4,688,680,8,0,0,9645.971721897624,221.5323907299208,69.23630152186708,4.887063655030801,21.25,8.089109041376283,3.717197366427283,-1.8174121384498463,15,17,0,3,97.08473720244011,53,53,0,False
US500_x100,risk_only,3000,5,688,679,9,0,0,8223.459190684654,174.11530635615514,79.14651443756107,4.879876796714579,21.21875,9.962393732674425,3.201358740450888,-3.657495362954898,15,17,0,3,97.45941986679597,53,53,0,False
US500_x100,margin_400,500,1,688,0,688,0,0,500.0,0.0,0.0,0.0,0.0,0.0,0.0,0.0,0,0,32,0,,53,0,53,False
US500_x100,margin_400,500,2,688,6,682,0,0,509.6074291888135,1.9214858377627042,5.303657495047144,0.043121149897330596,0.1875,0.06862051532808769,0.05949451659761351,0.0,3,2,27,0,90.48055080641446,53,1,52,False
US500_x100,margin_400,500,3,688,194,494,0,0,1140.0187526786249,128.003750535725,42.56772339429716,1.3942505133470227,6.0625,3.3579129038674274,2.6090548386200174,0.0,15,13,4,1,89.07030389316813,53,19,34,False
US500_x100,margin_400,500,4,688,572,116,0,0,3006.6866375527507,501.33732751055015,61.37618234929643,4.11088295687885,17.875,8.95165050264118,5.766331857166396,7.034878232161438,19,13,0,1,91.96927373052618,53,45,8,False
US500_x100,margin_400,500,5,688,182,506,0,0,293.08476102734585,-41.383047794530825,69.98012516819779,1.3080082135523614,5.6875,-0.9073773723787828,-1.6553529451216908,0.0,10,10,12,0,90.33669262766351,53,12,41,False
US500_x100,margin_400,1000,1,688,6,682,0,0,1009.6074291888135,0.9607429188813521,2.7492758760796194,0.043121149897330596,0.1875,0.032250971370002136,0.029884374878941244,0.0,3,2,27,0,91.86216937938659,53,1,52,False
US500_x100,margin_400,1000,2,688,489,199,0,0,3741.7865890083776,274.1786589008377,36.31898628917992,3.5143737166324436,15.28125,5.0989904655301235,4.209837622844126,3.997088292547286,19,12,1,2,90.04366873168541,53,42,11,False
US500_x100,margin_400,1000,3,688,603,85,0,0,3639.911723367567,263.9911723367567,50.397148075485596,4.333675564681725,18.84375,6.259272729737239,4.119983136165639,2.294781643709807,16,16,0,3,91.82666998648952,53,46,7,False
US500_x100,margin_400,1000,4,688,613,75,0,0,2746.2367238527067,174.62367238527068,68.22253580420619,4.405544147843942,19.15625,7.1448139016351595,3.2073344412042903,-0.9072515624112785,16,16,0,1,92.31424254097251,53,46,7,False
US500_x100,margin_400,1000,5,688,640,48,0,0,2809.2997715809206,180.92997715809207,75.75795698022245,4.59958932238193,20.0,9.386585382312385,3.2805852218812825,-0.2693888859925624,16,16,0,1,93.85193534427944,53,48,5,False
US500_x100,margin_400,3000,1,688,548,140,0,0,5854.983327250381,95.16611090834604,18.213951378757905,3.938398357289528,17.125,2.3458784902109366,2.111613281275493,1.6296135122166076,19,13,0,2,90.43241803537025,53,46,7,False
US500_x100,margin_400,3000,2,688,670,18,0,0,8267.67427847059,175.5891426156863,38.27576635455037,4.815195071868583,20.9375,4.260284324048336,3.2186538312531265,0.7783736667996555,18,14,0,3,94.6494230906429,53,52,1,False
US500_x100,margin_400,3000,3,688,679,9,0,0,9260.356249869208,208.67854166230694,56.67243841927735,4.879876796714579,21.21875,6.046070926187504,3.5850491007444862,-1.1114102391201985,15,17,0,2,96.44519657775398,53,53,0,False
US500_x100,margin_400,3000,4,688,680,8,0,0,9645.971721897624,221.5323907299208,69.23630152186708,4.887063655030801,21.25,8.089109041376283,3.717197366427283,-1.8174121384498463,15,17,0,3,97.08473720244011,53,53,0,False
US500_x100,margin_400,3000,5,688,679,9,0,0,8223.459190684654,174.11530635615514,79.14651443756107,4.879876796714579,21.21875,9.962393732674425,3.201358740450888,-3.657495362954898,15,17,0,3,97.45941986679597,53,53,0,False
US500_x100,margin_100,500,1,688,0,688,0,0,500.0,0.0,0.0,0.0,0.0,0.0,0.0,0.0,0,0,32,0,,53,0,53,False
US500_x100,margin_100,500,2,688,6,682,0,0,509.6074291888135,1.9214858377627042,5.303657495047144,0.043121149897330596,0.1875,0.06862051532808769,0.05949451659761351,0.0,3,2,27,0,90.48055080641446,53,1,52,False
US500_x100,margin_100,500,3,688,194,494,0,0,1140.0187526786249,128.003750535725,42.56772339429716,1.3942505133470227,6.0625,3.3579129038674274,2.6090548386200174,0.0,15,13,4,1,89.07030389316813,53,19,34,False
US500_x100,margin_100,500,4,688,572,116,0,0,3006.6866375527507,501.33732751055015,61.37618234929643,4.11088295687885,17.875,8.95165050264118,5.766331857166396,7.034878232161438,19,13,0,1,91.96927373052618,53,45,8,False
US500_x100,margin_100,500,5,688,173,513,2,0,300.32569910677466,-39.93486017864507,70.8807558186766,1.2433264887063655,5.40625,-0.9733969635114735,-1.580319038293354,0.0,10,7,15,0,90.34042688677056,53,11,42,False
US500_x100,margin_100,1000,1,688,6,682,0,0,1009.6074291888135,0.9607429188813521,2.7492758760796194,0.043121149897330596,0.1875,0.032250971370002136,0.029884374878941244,0.0,3,2,27,0,91.86216937938659,53,1,52,False
US500_x100,margin_100,1000,2,688,489,199,0,0,3741.7865890083776,274.1786589008377,36.31898628917992,3.5143737166324436,15.28125,5.0989904655301235,4.209837622844126,3.997088292547286,19,12,1,2,90.04366873168541,53,42,11,False
US500_x100,margin_100,1000,3,688,603,85,0,0,3639.911723367567,263.9911723367567,50.397148075485596,4.333675564681725,18.84375,6.259272729737239,4.119983136165639,2.294781643709807,16,16,0,3,91.82666998648952,53,46,7,False
US500_x100,margin_100,1000,4,688,613,75,0,0,2746.2367238527067,174.62367238527068,68.22253580420619,4.405544147843942,19.15625,7.1448139016351595,3.2073344412042903,-0.9072515624112785,16,16,0,1,92.31424254097251,53,46,7,False
US500_x100,margin_100,1000,5,688,603,83,2,0,2088.2565636072195,108.82565636072195,79.2238393827121,4.333675564681725,18.84375,7.292518873829831,2.327707725666528,-4.041215336647816,15,17,0,1,92.84065896550996,53,44,9,False
US500_x100,margin_100,3000,1,688,548,140,0,0,5854.983327250381,95.16611090834604,18.213951378757905,3.938398357289528,17.125,2.3458784902109366,2.111613281275493,1.6296135122166076,19,13,0,2,90.43241803537025,53,46,7,False
US500_x100,margin_100,3000,2,688,670,18,0,0,8267.67427847059,175.5891426156863,38.27576635455037,4.815195071868583,20.9375,4.260284324048336,3.2186538312531265,0.7783736667996555,18,14,0,3,94.6494230906429,53,52,1,False
US500_x100,margin_100,3000,3,688,679,9,0,0,9260.356249869208,208.67854166230694,56.67243841927735,4.879876796714579,21.21875,6.046070926187504,3.5850491007444862,-1.1114102391201985,15,17,0,2,96.44519657775398,53,53,0,False
US500_x100,margin_100,3000,4,688,680,8,0,0,9645.971721897624,221.5323907299208,69.23630152186708,4.887063655030801,21.25,8.089109041376283,3.717197366427283,-1.8174121384498463,15,17,0,3,97.08473720244011,53,53,0,False
US500_x100,margin_100,3000,5,688,677,9,2,0,7900.278938610397,163.3426312870132,77.42850187632285,4.865503080082136,21.15625,9.146212964985242,3.072138469994301,-3.3343102664555264,15,17,0,3,97.3405409886062,53,52,1,False
US500_x100,margin_50,500,1,688,0,688,0,0,500.0,0.0,0.0,0.0,0.0,0.0,0.0,0.0,0,0,32,0,,53,0,53,False
US500_x100,margin_50,500,2,688,6,682,0,0,509.6074291888135,1.9214858377627042,5.303657495047144,0.043121149897330596,0.1875,0.06862051532808769,0.05949451659761351,0.0,3,2,27,0,90.48055080641446,53,1,52,False
US500_x100,margin_50,500,3,688,184,499,5,0,1152.8043727954646,130.56087455909292,39.96621809779637,1.322381930184805,5.75,3.2738928692889537,2.644823042571276,0.0,13,14,5,0,88.5241353149832,53,18,35,False
US500_x100,margin_50,500,4,688,205,459,24,0,406.5296859073633,-18.694062818527346,56.11683332863633,1.4733059548254621,6.40625,-0.06697914754393874,-0.6446355772023682,0.0,11,11,10,0,89.3688438877412,53,14,39,False
US500_x100,margin_50,500,5,688,120,494,74,0,382.6291115465265,-23.47417769069471,43.40956805428338,0.8624229979466119,3.75,-0.36723931483691413,-0.832583277612875,0.0,8,11,13,0,88.38551228388863,53,8,45,False
US500_x100,margin_50,1000,1,688,6,682,0,0,1009.6074291888135,0.9607429188813521,2.7492758760796194,0.043121149897330596,0.1875,0.032250971370002136,0.029884374878941244,0.0,3,2,27,0,91.86216937938659,53,1,52,False
US500_x100,margin_50,1000,2,688,489,199,0,0,3741.7865890083776,274.1786589008377,36.31898628917992,3.5143737166324436,15.28125,5.0989904655301235,4.209837622844126,3.997088292547286,19,12,1,2,90.04366873168541,53,42,11,False
US500_x100,margin_50,1000,3,688,590,92,6,0,3479.9063276895467,247.99063276895467,51.28210755303709,4.240246406570842,18.4375,5.928988196846289,3.97381660092746,0.9690431930004886,17,15,0,1,91.36987375579399,53,45,8,False
US500_x100,margin_50,1000,4,688,571,82,35,0,2577.013483782469,157.70134837824688,62.15785642905928,4.1036960985626285,17.84375,5.655777034002821,3.0024124565393384,-0.5614103137961056,16,16,0,1,92.20320757478305,53,42,11,False
US500_x100,margin_50,1000,5,688,286,313,89,0,400.1532776563563,-59.98467223436437,71.3498209020618,2.055441478439425,8.9375,-1.3274962996850928,-2.8216380364911364,0.0,9,12,11,0,90.34912799214626,53,18,35,False
US500_x100,margin_50,3000,1,688,548,140,0,0,5854.983327250381,95.16611090834604,18.213951378757905,3.938398357289528,17.125,2.3458784902109366,2.111613281275493,1.6296135122166076,19,13,0,2,90.43241803537025,53,46,7,False
US500_x100,margin_50,3000,2,688,670,18,0,0,8267.67427847059,175.5891426156863,38.27576635455037,4.815195071868583,20.9375,4.260284324048336,3.2186538312531265,0.7783736667996555,18,14,0,3,94.6494230906429,53,52,1,False
US500_x100,margin_50,3000,3,688,672,9,7,0,9254.022072909622,208.4674024303207,53.881159427841055,4.829568788501027,21.0,5.799893421433495,3.582834203791374,-0.4952385402710643,16,16,0,4,96.35780118017226,53,52,1,False
US500_x100,margin_50,3000,4,688,637,9,42,0,7226.758628038204,140.89195426794015,65.62168617393377,4.578028747433265,19.90625,5.978011366327271,2.78552221584325,-2.5765063959301537,13,19,0,2,96.74895539984847,53,48,5,False
US500_x100,margin_50,3000,5,688,564,16,108,0,1600.2169341099834,-46.65943552966721,77.53652898795026,4.053388090349076,17.625,1.369528504998292,-1.9448179748957073,-3.866776554317827,13,19,0,2,94.7644490580496,53,36,17,False
