year,equity_start,equity_end,pnl_usd,executed_trades,candidate_trades,return_percent,symbol,mode,initial_balance_usd,risk_percent
2024,500.0,604.5519640823195,104.55196408231953,265,265,20.910392816463897,US500,risk_only,500,1
2025,604.5519640823195,801.7106048578835,197.15864077556395,258,265,32.612356338109194,US500,risk_only,500,1
2026,801.7106048578835,922.8542113160436,121.1436064581601,158,158,15.110640388701713,US500,risk_only,500,1
2024,500.0,674.6494772249937,174.64947722499372,265,265,34.929895444998735,US500,risk_only,500,2
2025,674.6494772249937,1083.3257789163113,408.67630169131763,262,265,60.57609402919988,US500,risk_only,500,2
2026,1083.3257789163113,1348.721714762019,265.39593584570775,158,158,24.498257219651197,US500,risk_only,500,2
2024,500.0,695.6035645582888,195.60356455828875,265,265,39.12071291165775,US500,risk_only,500,3
2025,695.6035645582888,1290.095519107329,594.4919545490402,265,265,85.46419035769965,US500,risk_only,500,3
2026,1290.095519107329,1637.1050003252328,347.0094812179037,158,158,26.89796810223899,US500,risk_only,500,3
2024,500.0,669.2009100920056,169.20091009200564,265,265,33.84018201840113,US500,risk_only,500,4
2025,669.2009100920056,1338.5459603704635,669.3450502784578,265,265,100.02153914979468,US500,risk_only,500,4
2026,1338.5459603704635,1645.9561687909186,307.41020842045504,158,158,22.965980812147425,US500,risk_only,500,4
2024,500.0,600.1980532827121,100.19805328271195,265,265,20.039610656542408,US500,risk_only,500,5
2025,600.1980532827121,1211.8361821511858,611.6381288684736,265,265,101.90605009849523,US500,risk_only,500,5
2026,1211.8361821511858,1377.8466546663963,166.01047251521038,158,158,13.699085318654024,US500,risk_only,500,5
2024,1000.0,1210.365588638023,210.36558863802298,265,265,21.03655886380229,US500,risk_only,1000,1
2025,1210.365588638023,1589.0838747394657,378.71828610144274,262,265,31.28957809578836,US500,risk_only,1000,1
2026,1589.0838747394657,1830.3728526404334,241.28897790096775,158,158,15.184156213310484,US500,risk_only,1000,1
2024,1000.0,1348.9549962858655,348.9549962858654,265,265,34.895499628586556,US500,risk_only,1000,2
2025,1348.9549962858655,2185.345066219482,836.3900699336165,265,265,62.00281493722804,US500,risk_only,1000,2
2026,2185.345066219482,2716.578711123998,531.2336449045158,158,158,24.308913640971074,US500,risk_only,1000,2
2024,1000.0,1391.0570818760038,391.0570818760038,265,265,39.10570818760037,US500,risk_only,1000,3
2025,1391.0570818760038,2585.7684534817345,1194.7113716057304,265,265,85.88514354813694,US500,risk_only,1000,3
2026,2585.7684534817345,3281.3919176060804,695.6234641243462,158,158,26.90200134461729,US500,risk_only,1000,3
2024,1000.0,1339.0854565725167,339.0854565725169,265,265,33.90854565725168,US500,risk_only,1000,4
2025,1339.0854565725167,2678.4071961400914,1339.321739567575,265,265,100.01764510202827,US500,risk_only,1000,4
2026,2678.4071961400914,3293.6340048409675,615.2268087008756,158,158,22.969875886963422,US500,risk_only,1000,4
2024,1000.0,1201.3192201229422,201.31922012294228,265,265,20.13192201229421,US500,risk_only,1000,5
2025,1201.3192201229422,2431.1603656574553,1229.8411455345133,265,265,102.37421702190463,US500,risk_only,1000,5
2026,2431.1603656574553,2762.826039082467,331.66567342501185,158,158,13.642278728713976,US500,risk_only,1000,5
2024,3000.0,3631.5706633469113,631.5706633469113,265,265,21.052355444897053,US500,risk_only,3000,1
2025,3631.5706633469113,4795.600765807619,1164.0301024607077,265,265,32.053075937889616,US500,risk_only,3000,1
2026,4795.600765807619,5525.5737100249535,729.9729442173352,158,158,15.221720486450895,US500,risk_only,3000,1
2024,3000.0,4047.307822383861,1047.3078223838606,265,265,34.910260746128706,US500,risk_only,3000,2
2025,4047.307822383861,6562.133217232824,2514.825394848963,265,265,62.13575802019755,US500,risk_only,3000,2
2026,6562.133217232824,8161.772880147888,1599.6396629150636,158,158,24.37682396806955,US500,risk_only,3000,2
2024,3000.0,4179.2619984426565,1179.2619984426562,265,265,39.30873328142188,US500,risk_only,3000,3
2025,4179.2619984426565,7776.957808382119,3597.6958099394633,265,265,86.0844764286157,US500,risk_only,3000,3
2026,7776.957808382119,9866.67681936902,2089.7190109869025,158,158,26.870648683918176,US500,risk_only,3000,3
2024,3000.0,4015.973164151351,1015.9731641513506,265,265,33.86577213837836,US500,risk_only,3000,4
2025,4015.973164151351,8035.96922472319,4019.9960605718397,265,265,100.10017239299303,US500,risk_only,3000,4
2026,8035.96922472319,9878.450203343862,1842.4809786206738,158,158,22.927924772934148,US500,risk_only,3000,4
2024,3000.0,3603.702539802149,603.7025398021487,265,265,20.123417993404978,US500,risk_only,3000,5
2025,3603.702539802149,7287.835708238613,3684.1331684364636,265,265,102.23188866855617,US500,risk_only,3000,5
2026,7287.835708238613,8282.756394094187,994.9206858555744,158,158,13.651799048253178,US500,risk_only,3000,5
2024,500.0,500.0,0.0,0,265,0.0,US500_x100,risk_only,500,1
2025,500.0,500.0,0.0,0,265,0.0,US500_x100,risk_only,500,1
2026,500.0,500.0,0.0,0,158,0.0,US500_x100,risk_only,500,1
2024,500.0,509.6074291888135,9.607429188813512,6,265,1.9214858377627042,US500_x100,risk_only,500,2
2025,509.6074291888135,509.6074291888135,0.0,0,265,0.0,US500_x100,risk_only,500,2
2026,509.6074291888135,509.6074291888135,0.0,0,158,0.0,US500_x100,risk_only,500,2
2024,500.0,599.738853935236,99.73885393523591,117,265,19.94777078704719,US500_x100,risk_only,500,3
2025,599.738853935236,816.7832421898238,217.04438825458783,38,265,36.18981608919167,US500_x100,risk_only,500,3
2026,816.7832421898238,1140.0187526786249,323.23551048880114,39,158,39.574209385368356,US500_x100,risk_only,500,3
2024,500.0,964.43203182284,464.4320318228401,219,265,92.886406364568,US500_x100,risk_only,500,4
2025,964.43203182284,2318.1219819521157,1353.6899501292755,196,265,140.36136352405387,US500_x100,risk_only,500,4
2026,2318.1219819521157,3006.6866375527507,688.5646556006352,157,158,29.703555764601617,US500_x100,risk_only,500,4
2024,500.0,322.5363933758508,-177.46360662414918,167,265,-35.49272132482984,US500_x100,risk_only,500,5
2025,322.5363933758508,308.354761027349,-14.181632348501811,14,265,-4.396909198391141,US500_x100,risk_only,500,5
2026,308.354761027349,293.08476102734585,-15.270000000003165,1,158,-4.952088285949574,US500_x100,risk_only,500,5
2024,1000.0,1009.6074291888135,9.607429188813512,6,265,0.9607429188813521,US500_x100,risk_only,1000,1
2025,1009.6074291888135,1009.6074291888135,0.0,0,265,0.0,US500_x100,risk_only,1000,1
2026,1009.6074291888135,1009.6074291888135,0.0,0,158,0.0,US500_x100,risk_only,1000,1
2024,1000.0,1620.0733705667326,620.0733705667326,190,265,62.00733705667325,US500_x100,risk_only,1000,2
2025,1620.0733705667326,2603.0076690093456,982.934298442613,158,265,60.67220882093529,US500_x100,risk_only,1000,2
2026,2603.0076690093456,3741.7865890083776,1138.778919999032,141,158,43.74858105709804,US500_x100,risk_only,1000,2
2024,1000.0,1420.3654990704772,420.3654990704772,248,265,42.03654990704773,US500_x100,risk_only,1000,3
2025,1420.3654990704772,2587.459284939734,1167.0937858692569,199,265,82.16855356125112,US500_x100,risk_only,1000,3
2026,2587.459284939734,3639.911723367567,1052.452438427833,156,158,40.675130408954296,US500_x100,risk_only,1000,3
2024,1000.0,1194.5381230127796,194.53812301277935,255,265,19.453812301277964,US500_x100,risk_only,1000,4
2025,1194.5381230127796,2032.9037989607377,838.3656759479582,202,265,70.18324989356486,US500_x100,risk_only,1000,4
2026,2032.9037989607377,2746.2367238527067,713.332924891969,156,158,35.08935962718154,US500_x100,risk_only,1000,4
2024,1000.0,1093.197575582716,93.19757558271601,261,265,9.31975755827159,US500_x100,risk_only,1000,5
2025,1093.197575582716,2445.7111751871244,1352.5135996044082,221,265,123.72087441590485,US500_x100,risk_only,1000,5
2026,2445.7111751871244,2809.2997715809206,363.5885963937965,158,158,14.866375068428827,US500_x100,risk_only,1000,5
2024,3000.0,3717.1663124831557,717.1663124831557,229,265,23.905543749438518,US500_x100,risk_only,3000,1
2025,3717.1663124831557,4861.612853370448,1144.446540887292,188,265,30.788144642437977,US500_x100,risk_only,3000,1
2026,4861.612853370448,5854.983327250381,993.3704738799336,131,158,20.4329407511594,US500_x100,risk_only,3000,1
2024,3000.0,4136.557239415823,1136.5572394158226,264,265,37.88524131386075,US500_x100,risk_only,3000,2
2025,4136.557239415823,6514.829603187819,2378.2723637719964,248,265,57.49400349426479,US500_x100,risk_only,3000,2
2026,6514.829603187819,8267.674278470586,1752.8446752827679,158,158,26.90545696582869,US500_x100,risk_only,3000,2
2024,3000.0,4148.301084721311,1148.3010847213109,265,265,38.276702824043696,US500_x100,risk_only,3000,3
2025,4148.301084721311,7318.3974251702175,3170.0963404489066,256,265,76.41914788019488,US500_x100,risk_only,3000,3
2026,7318.3974251702175,9260.3562498692,1941.9588246989842,158,158,26.53530154047101,US500_x100,risk_only,3000,3
2024,3000.0,4097.453963907321,1097.4539639073218,265,265,36.581798796910704,US500_x100,risk_only,3000,4
2025,4097.453963907321,7838.420980595833,3740.967016688511,257,265,91.2997937168069,US500_x100,risk_only,3000,4
2026,7838.420980595833,9645.97172189762,1807.5507413017863,158,158,23.060138588835887,US500_x100,risk_only,3000,4
2024,3000.0,3610.420049087422,610.4200490874223,265,265,20.34733496958072,US500_x100,risk_only,3000,5
2025,3610.420049087422,7146.9954921398075,3536.5754430523843,256,265,97.9546810334797,US500_x100,risk_only,3000,5
2026,7146.9954921398075,8223.459190684658,1076.4636985448496,158,158,15.061765461147058,US500_x100,risk_only,3000,5
2024,500.0,500.0,0.0,0,265,0.0,US500_x100,margin_400,500,1
2025,500.0,500.0,0.0,0,265,0.0,US500_x100,margin_400,500,1
2026,500.0,500.0,0.0,0,158,0.0,US500_x100,margin_400,500,1
2024,500.0,509.6074291888135,9.607429188813512,6,265,1.9214858377627042,US500_x100,margin_400,500,2
2025,509.6074291888135,509.6074291888135,0.0,0,265,0.0,US500_x100,margin_400,500,2
2026,509.6074291888135,509.6074291888135,0.0,0,158,0.0,US500_x100,margin_400,500,2
2024,500.0,599.738853935236,99.73885393523591,117,265,19.94777078704719,US500_x100,margin_400,500,3
2025,599.738853935236,816.7832421898238,217.04438825458783,38,265,36.18981608919167,US500_x100,margin_400,500,3
2026,816.7832421898238,1140.0187526786249,323.23551048880114,39,158,39.574209385368356,US500_x100,margin_400,500,3
2024,500.0,964.43203182284,464.4320318228401,219,265,92.886406364568,US500_x100,margin_400,500,4
2025,964.43203182284,2318.1219819521157,1353.6899501292755,196,265,140.36136352405387,US500_x100,margin_400,500,4
2026,2318.1219819521157,3006.6866375527507,688.5646556006352,157,158,29.703555764601617,US500_x100,margin_400,500,4
2024,500.0,322.5363933758508,-177.46360662414918,167,265,-35.49272132482984,US500_x100,margin_400,500,5
2025,322.5363933758508,308.354761027349,-14.181632348501811,14,265,-4.396909198391141,US500_x100,margin_400,500,5
2026,308.354761027349,293.08476102734585,-15.270000000003165,1,158,-4.952088285949574,US500_x100,margin_400,500,5
2024,1000.0,1009.6074291888135,9.607429188813512,6,265,0.9607429188813521,US500_x100,margin_400,1000,1
2025,1009.6074291888135,1009.6074291888135,0.0,0,265,0.0,US500_x100,margin_400,1000,1
2026,1009.6074291888135,1009.6074291888135,0.0,0,158,0.0,US500_x100,margin_400,1000,1
2024,1000.0,1620.0733705667326,620.0733705667326,190,265,62.00733705667325,US500_x100,margin_400,1000,2
2025,1620.0733705667326,2603.0076690093456,982.934298442613,158,265,60.67220882093529,US500_x100,margin_400,1000,2
2026,2603.0076690093456,3741.7865890083776,1138.778919999032,141,158,43.74858105709804,US500_x100,margin_400,1000,2
2024,1000.0,1420.3654990704772,420.3654990704772,248,265,42.03654990704773,US500_x100,margin_400,1000,3
2025,1420.3654990704772,2587.459284939734,1167.0937858692569,199,265,82.16855356125112,US500_x100,margin_400,1000,3
2026,2587.459284939734,3639.911723367567,1052.452438427833,156,158,40.675130408954296,US500_x100,margin_400,1000,3
2024,1000.0,1194.5381230127796,194.53812301277935,255,265,19.453812301277964,US500_x100,margin_400,1000,4
2025,1194.5381230127796,2032.9037989607377,838.3656759479582,202,265,70.18324989356486,US500_x100,margin_400,1000,4
2026,2032.9037989607377,2746.2367238527067,713.332924891969,156,158,35.08935962718154,US500_x100,margin_400,1000,4
2024,1000.0,1093.197575582716,93.19757558271601,261,265,9.31975755827159,US500_x100,margin_400,1000,5
2025,1093.197575582716,2445.7111751871244,1352.5135996044082,221,265,123.72087441590485,US500_x100,margin_400,1000,5
2026,2445.7111751871244,2809.2997715809206,363.5885963937965,158,158,14.866375068428827,US500_x100,margin_400,1000,5
2024,3000.0,3717.1663124831557,717.1663124831557,229,265,23.905543749438518,US500_x100,margin_400,3000,1
2025,3717.1663124831557,4861.612853370448,1144.446540887292,188,265,30.788144642437977,US500_x100,margin_400,3000,1
2026,4861.612853370448,5854.983327250381,993.3704738799336,131,158,20.4329407511594,US500_x100,margin_400,3000,1
2024,3000.0,4136.557239415823,1136.5572394158226,264,265,37.88524131386075,US500_x100,margin_400,3000,2
2025,4136.557239415823,6514.829603187819,2378.2723637719964,248,265,57.49400349426479,US500_x100,margin_400,3000,2
2026,6514.829603187819,8267.674278470586,1752.8446752827679,158,158,26.90545696582869,US500_x100,margin_400,3000,2
2024,3000.0,4148.301084721311,1148.3010847213109,265,265,38.276702824043696,US500_x100,margin_400,3000,3
2025,4148.301084721311,7318.3974251702175,3170.0963404489066,256,265,76.41914788019488,US500_x100,margin_400,3000,3
2026,7318.3974251702175,9260.3562498692,1941.9588246989842,158,158,26.53530154047101,US500_x100,margin_400,3000,3
2024,3000.0,4097.453963907321,1097.4539639073218,265,265,36.581798796910704,US500_x100,margin_400,3000,4
2025,4097.453963907321,7838.420980595833,3740.967016688511,257,265,91.2997937168069,US500_x100,margin_400,3000,4
2026,7838.420980595833,9645.97172189762,1807.5507413017863,158,158,23.060138588835887,US500_x100,margin_400,3000,4
2024,3000.0,3610.420049087422,610.4200490874223,265,265,20.34733496958072,US500_x100,margin_400,3000,5
2025,3610.420049087422,7146.9954921398075,3536.5754430523843,256,265,97.9546810334797,US500_x100,margin_400,3000,5
2026,7146.9954921398075,8223.459190684658,1076.4636985448496,158,158,15.061765461147058,US500_x100,margin_400,3000,5
2024,500.0,500.0,0.0,0,265,0.0,US500_x100,margin_100,500,1
2025,500.0,500.0,0.0,0,265,0.0,US500_x100,margin_100,500,1
2026,500.0,500.0,0.0,0,158,0.0,US500_x100,margin_100,500,1
2024,500.0,509.6074291888135,9.607429188813512,6,265,1.9214858377627042,US500_x100,margin_100,500,2
2025,509.6074291888135,509.6074291888135,0.0,0,265,0.0,US500_x100,margin_100,500,2
2026,509.6074291888135,509.6074291888135,0.0,0,158,0.0,US500_x100,margin_100,500,2
2024,500.0,599.738853935236,99.73885393523591,117,265,19.94777078704719,US500_x100,margin_100,500,3
2025,599.738853935236,816.7832421898238,217.04438825458783,38,265,36.18981608919167,US500_x100,margin_100,500,3
2026,816.7832421898238,1140.0187526786249,323.23551048880114,39,158,39.574209385368356,US500_x100,margin_100,500,3
2024,500.0,964.43203182284,464.4320318228401,219,265,92.886406364568,US500_x100,margin_100,500,4
2025,964.43203182284,2318.1219819521157,1353.6899501292755,196,265,140.36136352405387,US500_x100,margin_100,500,4
2026,2318.1219819521157,3006.6866375527507,688.5646556006352,157,158,29.703555764601617,US500_x100,margin_100,500,4
2024,500.0,285.7275622173029,-214.27243778269712,161,265,-42.854487556539425,US500_x100,margin_100,500,5
2025,285.7275622173029,300.32569910677466,14.598136889471785,12,265,5.109110502391623,US500_x100,margin_100,500,5
2026,300.32569910677466,300.32569910677466,0.0,0,158,0.0,US500_x100,margin_100,500,5
2024,1000.0,1009.6074291888135,9.607429188813512,6,265,0.9607429188813521,US500_x100,margin_100,1000,1
2025,1009.6074291888135,1009.6074291888135,0.0,0,265,0.0,US500_x100,margin_100,1000,1
2026,1009.6074291888135,1009.6074291888135,0.0,0,158,0.0,US500_x100,margin_100,1000,1
2024,1000.0,1620.0733705667326,620.0733705667326,190,265,62.00733705667325,US500_x100,margin_100,1000,2
2025,1620.0733705667326,2603.0076690093456,982.934298442613,158,265,60.67220882093529,US500_x100,margin_100,1000,2
2026,2603.0076690093456,3741.7865890083776,1138.778919999032,141,158,43.74858105709804,US500_x100,margin_100,1000,2
2024,1000.0,1420.3654990704772,420.3654990704772,248,265,42.03654990704773,US500_x100,margin_100,1000,3
2025,1420.3654990704772,2587.459284939734,1167.0937858692569,199,265,82.16855356125112,US500_x100,margin_100,1000,3
2026,2587.459284939734,3639.911723367567,1052.452438427833,156,158,40.675130408954296,US500_x100,margin_100,1000,3
2024,1000.0,1194.5381230127796,194.53812301277935,255,265,19.453812301277964,US500_x100,margin_100,1000,4
2025,1194.5381230127796,2032.9037989607377,838.3656759479582,202,265,70.18324989356486,US500_x100,margin_100,1000,4
2026,2032.9037989607377,2746.2367238527067,713.332924891969,156,158,35.08935962718154,US500_x100,margin_100,1000,4
2024,1000.0,1073.6385345655115,73.63853456551158,257,265,7.36385345655115,US500_x100,margin_100,1000,5
2025,1073.6385345655115,1534.3605363959596,460.722001830448,191,265,42.91220806608778,US500_x100,margin_100,1000,5
2026,1534.3605363959596,2088.2565636072195,553.89602721126,155,158,36.09947037039283,US500_x100,margin_100,1000,5
2024,3000.0,3717.1663124831557,717.1663124831557,229,265,23.905543749438518,US500_x100,margin_100,3000,1
2025,3717.1663124831557,4861.612853370448,1144.446540887292,188,265,30.788144642437977,US500_x100,margin_100,3000,1
2026,4861.612853370448,5854.983327250381,993.3704738799336,131,158,20.4329407511594,US500_x100,margin_100,3000,1
2024,3000.0,4136.557239415823,1136.5572394158226,264,265,37.88524131386075,US500_x100,margin_100,3000,2
2025,4136.557239415823,6514.829603187819,2378.2723637719964,248,265,57.49400349426479,US500_x100,margin_100,3000,2
2026,6514.829603187819,8267.674278470586,1752.8446752827679,158,158,26.90545696582869,US500_x100,margin_100,3000,2
2024,3000.0,4148.301084721311,1148.3010847213109,265,265,38.276702824043696,US500_x100,margin_100,3000,3
2025,4148.301084721311,7318.3974251702175,3170.0963404489066,256,265,76.41914788019488,US500_x100,margin_100,3000,3
2026,7318.3974251702175,9260.3562498692,1941.9588246989842,158,158,26.53530154047101,US500_x100,margin_100,3000,3
2024,3000.0,4097.453963907321,1097.4539639073218,265,265,36.581798796910704,US500_x100,margin_100,3000,4
2025,4097.453963907321,7838.420980595833,3740.967016688511,257,265,91.2997937168069,US500_x100,margin_100,3000,4
2026,7838.420980595833,9645.97172189762,1807.5507413017863,158,158,23.060138588835887,US500_x100,margin_100,3000,4
2024,3000.0,3251.1713512740844,251.17135127408437,263,265,8.372378375802803,US500_x100,margin_100,3000,5
2025,3251.1713512740844,6855.435348648159,3604.2639973740743,256,265,110.86047482430041,US500_x100,margin_100,3000,5
2026,6855.435348648159,7900.278938610398,1044.843589962239,158,158,15.241097564551831,US500_x100,margin_100,3000,5
2024,500.0,500.0,0.0,0,265,0.0,US500_x100,margin_50,500,1
2025,500.0,500.0,0.0,0,265,0.0,US500_x100,margin_50,500,1
2026,500.0,500.0,0.0,0,158,0.0,US500_x100,margin_50,500,1
2024,500.0,509.6074291888135,9.607429188813512,6,265,1.9214858377627042,US500_x100,margin_50,500,2
2025,509.6074291888135,509.6074291888135,0.0,0,265,0.0,US500_x100,margin_50,500,2
2026,509.6074291888135,509.6074291888135,0.0,0,158,0.0,US500_x100,margin_50,500,2
2024,500.0,609.4715922219893,109.47159222198931,112,265,21.894318444397864,US500_x100,margin_50,500,3
2025,609.4715922219893,748.097918728442,138.62632650645264,38,265,22.745330262408746,US500_x100,margin_50,500,3
2026,748.097918728442,1152.8043727954646,404.70645406702266,34,158,54.0980590822804,US500_x100,margin_50,500,3
2024,500.0,681.2775863866318,181.27758638663175,157,265,36.25551727732636,US500_x100,margin_50,500,4
2025,681.2775863866318,406.5296859073632,-274.74790047926854,48,265,-40.3283339962026,US500_x100,margin_50,500,4
2026,406.5296859073632,406.5296859073632,0.0,0,158,0.0,US500_x100,margin_50,500,4
2024,500.0,505.2019807477154,5.2019807477154245,98,265,1.040396149543077,US500_x100,margin_50,500,5
2025,505.2019807477154,382.6291115465265,-122.57286920118895,22,265,-24.262151351777582,US500_x100,margin_50,500,5
2026,382.6291115465265,382.6291115465265,0.0,0,158,0.0,US500_x100,margin_50,500,5
2024,1000.0,1009.6074291888135,9.607429188813512,6,265,0.9607429188813521,US500_x100,margin_50,1000,1
2025,1009.6074291888135,1009.6074291888135,0.0,0,265,0.0,US500_x100,margin_50,1000,1
2026,1009.6074291888135,1009.6074291888135,0.0,0,158,0.0,US500_x100,margin_50,1000,1
2024,1000.0,1620.0733705667326,620.0733705667326,190,265,62.00733705667325,US500_x100,margin_50,1000,2
2025,1620.0733705667326,2603.0076690093456,982.934298442613,158,265,60.67220882093529,US500_x100,margin_50,1000,2
2026,2603.0076690093456,3741.7865890083776,1138.778919999032,141,158,43.74858105709804,US500_x100,margin_50,1000,2
2024,1000.0,1365.7844197974464,365.7844197974464,239,265,36.578441979744646,US500_x100,margin_50,1000,3
2025,1365.7844197974464,2407.1884542569733,1041.4040344595269,196,265,76.24951781291904,US500_x100,margin_50,1000,3
2026,2407.1884542569733,3479.9063276895467,1072.7178734325735,155,158,44.56310313118752,US500_x100,margin_50,1000,3
2024,1000.0,1033.9094918819226,33.90949188192266,234,265,3.3909491881922493,US500_x100,margin_50,1000,4
2025,1033.9094918819226,2175.712122850611,1141.8026309686886,183,265,110.43545299989255,US500_x100,margin_50,1000,4
2026,2175.712122850611,2577.013483782469,401.30136093185786,154,158,18.444598286563483,US500_x100,margin_50,1000,4
2024,1000.0,796.9762856997177,-203.02371430028236,196,265,-20.30237143002823,US500_x100,margin_50,1000,5
2025,796.9762856997177,400.1532776563563,-396.82300804336137,90,265,-49.791068462591014,US500_x100,margin_50,1000,5
2026,400.1532776563563,400.1532776563563,0.0,0,158,0.0,US500_x100,margin_50,1000,5
2024,3000.0,3717.1663124831557,717.1663124831557,229,265,23.905543749438518,US500_x100,margin_50,3000,1
2025,3717.1663124831557,4861.612853370448,1144.446540887292,188,265,30.788144642437977,US500_x100,margin_50,3000,1
2026,4861.612853370448,5854.983327250381,993.3704738799336,131,158,20.4329407511594,US500_x100,margin_50,3000,1
2024,3000.0,4136.557239415823,1136.5572394158226,264,265,37.88524131386075,US500_x100,margin_50,3000,2
2025,4136.557239415823,6514.829603187819,2378.2723637719964,248,265,57.49400349426479,US500_x100,margin_50,3000,2
2026,6514.829603187819,8267.674278470586,1752.8446752827679,158,158,26.90545696582869,US500_x100,margin_50,3000,2
2024,3000.0,4296.369696781617,1296.3696967816168,259,265,43.21232322605388,US500_x100,margin_50,3000,3
2025,4296.369696781617,7279.205674649911,2982.8359778682943,255,265,69.42689266481695,US500_x100,margin_50,3000,3
2026,7279.205674649911,9254.022072909615,1974.8163982597034,158,158,27.12955900033256,US500_x100,margin_50,3000,3
2024,3000.0,3770.9477914143763,770.9477914143763,243,265,25.698259713812543,US500_x100,margin_50,3000,4
2025,3770.9477914143763,6404.707466271616,2633.7596748572396,239,265,69.84344044363952,US500_x100,margin_50,3000,4
2026,6404.707466271616,7226.7586280382,822.0511617665834,155,158,12.835108646189685,US500_x100,margin_50,3000,4
2024,3000.0,2102.249983247707,-897.7500167522928,206,265,-29.925000558409764,US500_x100,margin_50,3000,5
2025,2102.249983247707,3511.8601727478026,1409.6101895000957,218,265,67.05245335868328,US500_x100,margin_50,3000,5
2026,3511.8601727478026,1600.2169341099834,-1911.6432386378194,140,158,-54.43392232618653,US500_x100,margin_50,3000,5
