asset,policy,cost,month,net_r
xauusd,baseline,base,2024-01,-8.754811649200436
xauusd,baseline,base,2024-02,-6.640060747400558
xauusd,baseline,base,2024-03,-0.6481217070936447
xauusd,baseline,base,2024-04,-5.786218054539702
xauusd,baseline,base,2024-05,-0.41470942103053765
xauusd,baseline,base,2024-06,-2.8868826883764145
xauusd,baseline,base,2024-07,5.05719693332163
xauusd,baseline,base,2024-08,-4.077954731366791
xauusd,baseline,base,2024-09,-11.940343549224972
xauusd,baseline,base,2024-10,11.165973523828079
xauusd,baseline,base,2024-11,13.895740364630305
xauusd,baseline,base,2024-12,-4.534656979865434
xauusd,baseline,base,2025-01,-4.778720047794928
xauusd,baseline,base,2025-02,-7.458879301952172
xauusd,baseline,base,2025-03,-6.468475053092093
xauusd,baseline,base,2025-04,4.868781205990267
xauusd,baseline,base,2025-05,5.9587900608632065
xauusd,baseline,base,2025-06,-11.391863296872792
xauusd,baseline,base,2025-07,-1.9388508712847519
xauusd,baseline,base,2025-08,12.350503254559714
xauusd,baseline,base,2025-09,4.066912526999091
xauusd,baseline,base,2025-10,8.197404959882675
xauusd,baseline,base,2025-11,0.23927477851304352
xauusd,baseline,base,2025-12,-10.170448454360832
xauusd,baseline,base,2026-01,-2.2621481036886553
xauusd,baseline,base,2026-02,-0.06068048672196555
xauusd,baseline,base,2026-03,-1.6717149900703416
xauusd,baseline,base,2026-04,-14.69117962057045
xauusd,baseline,base,2026-05,1.3185918268627197
xauusd,baseline,base,2026-06,4.641916407871786
xauusd,baseline,base,2026-07,10.719109803407317
xauusd,baseline,base,2026-08,-8.382469462278157
xauusd,long_only,base,2024-01,-3.502052143304887
xauusd,long_only,base,2024-02,1.0162216095217582
xauusd,long_only,base,2024-03,5.849637914126363
xauusd,long_only,base,2024-04,0.9178268269633401
xauusd,long_only,base,2024-05,-0.2924431495448593
xauusd,long_only,base,2024-06,-0.338920491924775
xauusd,long_only,base,2024-07,0.7292851695545997
xauusd,long_only,base,2024-08,0.003185631831415625
xauusd,long_only,base,2024-09,-0.5033718360500723
xauusd,long_only,base,2024-10,10.995255789657163
xauusd,long_only,base,2024-11,0.41613381729463494
xauusd,long_only,base,2024-12,-2.246397294055302
xauusd,long_only,base,2025-01,-2.270050929565465
xauusd,long_only,base,2025-02,3.5533918556045276
xauusd,long_only,base,2025-03,0.15470529996922056
xauusd,long_only,base,2025-04,1.9015637524384703
xauusd,long_only,base,2025-05,5.082661908156488
xauusd,long_only,base,2025-06,-5.0040375993849695
xauusd,long_only,base,2025-07,4.967872376454452
xauusd,long_only,base,2025-08,11.607520573939837
xauusd,long_only,base,2025-09,2.0889668005780218
xauusd,long_only,base,2025-10,4.755143406320917
xauusd,long_only,base,2025-11,7.162055746060494
xauusd,long_only,base,2025-12,-9.563403980691872
xauusd,long_only,base,2026-01,5.737851896311582
xauusd,long_only,base,2026-02,-1.3145615993078357
xauusd,long_only,base,2026-03,-1.1673178489923293
xauusd,long_only,base,2026-04,-6.894668921432881
xauusd,long_only,base,2026-05,2.2475751934041566
xauusd,long_only,base,2026-06,-1.565459121065061
xauusd,long_only,base,2026-07,7.08845863690954
xauusd,long_only,base,2026-08,1.005055436900357
xauusd,short_only,base,2024-01,-5.252759505895549
xauusd,short_only,base,2024-02,-7.656282356922317
xauusd,short_only,base,2024-03,-6.497759621220008
xauusd,short_only,base,2024-04,-6.704044881503043
xauusd,short_only,base,2024-05,-0.12226627148567837
xauusd,short_only,base,2024-06,-2.54796219645164
xauusd,short_only,base,2024-07,4.32791176376703
xauusd,short_only,base,2024-08,-4.081140363198207
xauusd,short_only,base,2024-09,-11.436971713174898
xauusd,short_only,base,2024-10,0.1707177341709144
xauusd,short_only,base,2024-11,13.47960654733567
xauusd,short_only,base,2024-12,-2.2882596858101327
xauusd,short_only,base,2025-01,-2.5086691182294625
xauusd,short_only,base,2025-02,-11.0122711575567
xauusd,short_only,base,2025-03,-6.623180353061314
xauusd,short_only,base,2025-04,2.967217453551797
xauusd,short_only,base,2025-05,0.8761281527067186
xauusd,short_only,base,2025-06,-6.387825697487823
xauusd,short_only,base,2025-07,-6.906723247739203
xauusd,short_only,base,2025-08,0.7429826806198755
xauusd,short_only,base,2025-09,1.9779457264210687
xauusd,short_only,base,2025-10,3.4422615535617584
xauusd,short_only,base,2025-11,-6.9227809675474505
xauusd,short_only,base,2025-12,-0.6070444736689595
xauusd,short_only,base,2026-01,-8.000000000000238
xauusd,short_only,base,2026-02,1.2538811125858698
xauusd,short_only,base,2026-03,-0.5043971410780129
xauusd,short_only,base,2026-04,-7.796510699137569
xauusd,short_only,base,2026-05,-0.9289833665414364
xauusd,short_only,base,2026-06,6.207375528936847
xauusd,short_only,base,2026-07,3.6306511664977767
xauusd,short_only,base,2026-08,-9.387524899178514
xauusd,trend_aligned,base,2024-01,-3.502052143304887
xauusd,trend_aligned,base,2024-02,1.0162216095217582
xauusd,trend_aligned,base,2024-03,5.849637914126363
xauusd,trend_aligned,base,2024-04,0.9178268269633401
xauusd,trend_aligned,base,2024-05,-0.2924431495448593
xauusd,trend_aligned,base,2024-06,-0.338920491924775
xauusd,trend_aligned,base,2024-07,0.7292851695545997
xauusd,trend_aligned,base,2024-08,0.003185631831415625
xauusd,trend_aligned,base,2024-09,-0.5033718360500723
xauusd,trend_aligned,base,2024-10,10.995255789657163
xauusd,trend_aligned,base,2024-11,0.41613381729463494
xauusd,trend_aligned,base,2024-12,-2.246397294055302
xauusd,trend_aligned,base,2025-01,-2.270050929565465
xauusd,trend_aligned,base,2025-02,3.5533918556045276
xauusd,trend_aligned,base,2025-03,0.15470529996922056
xauusd,trend_aligned,base,2025-04,1.9015637524384703
xauusd,trend_aligned,base,2025-05,5.082661908156488
xauusd,trend_aligned,base,2025-06,-5.0040375993849695
xauusd,trend_aligned,base,2025-07,4.967872376454452
xauusd,trend_aligned,base,2025-08,11.607520573939837
xauusd,trend_aligned,base,2025-09,2.0889668005780218
xauusd,trend_aligned,base,2025-10,4.755143406320917
xauusd,trend_aligned,base,2025-11,7.162055746060494
xauusd,trend_aligned,base,2025-12,-9.563403980691872
xauusd,trend_aligned,base,2026-01,5.737851896311582
xauusd,trend_aligned,base,2026-02,-1.3145615993078357
xauusd,trend_aligned,base,2026-03,-1.1673178489923293
xauusd,trend_aligned,base,2026-04,-6.894668921432881
xauusd,trend_aligned,base,2026-05,1.21809667067701
xauusd,trend_aligned,base,2026-06,4.786865146807641
xauusd,trend_aligned,base,2026-07,3.6306511664977767
xauusd,trend_aligned,base,2026-08,-4.315516438184057
xauusd,baseline,stress,2024-01,-10.151508721405689
xauusd,baseline,stress,2024-02,-6.701374122041952
xauusd,baseline,stress,2024-03,-4.733722706500142
xauusd,baseline,stress,2024-04,-6.333743257227644
xauusd,baseline,stress,2024-05,-1.3249271677172538
xauusd,baseline,stress,2024-06,-2.7994693659472887
xauusd,baseline,stress,2024-07,4.070031067664178
xauusd,baseline,stress,2024-08,-4.569527028388354
xauusd,baseline,stress,2024-09,-13.687648694425523
xauusd,baseline,stress,2024-10,2.1377023306073104
xauusd,baseline,stress,2024-11,14.185812036353243
xauusd,baseline,stress,2024-12,-5.198007652080205
xauusd,baseline,stress,2025-01,-7.01720221814702
xauusd,baseline,stress,2025-02,-7.256003889637595
xauusd,baseline,stress,2025-03,-6.933593119790393
xauusd,baseline,stress,2025-04,4.452974148110659
xauusd,baseline,stress,2025-05,5.528520434668689
xauusd,baseline,stress,2025-06,-11.832526712754623
xauusd,baseline,stress,2025-07,-2.714786311604392
xauusd,baseline,stress,2025-08,11.53936879304401
xauusd,baseline,stress,2025-09,3.5444284187352824
xauusd,baseline,stress,2025-10,7.85883179669913
xauusd,baseline,stress,2025-11,0.05230497572574333
xauusd,baseline,stress,2025-12,-10.371395713387232
xauusd,baseline,stress,2026-01,-3.448957151877546
xauusd,baseline,stress,2026-02,-0.17932579225248074
xauusd,baseline,stress,2026-03,-1.8483973432396354
xauusd,baseline,stress,2026-04,-14.7989946109081
xauusd,baseline,stress,2026-05,1.0151281410425996
xauusd,baseline,stress,2026-06,4.411630727910599
xauusd,baseline,stress,2026-07,10.201310460425814
xauusd,baseline,stress,2026-08,-8.706591884379531
xauusd,long_only,stress,2024-01,-4.268300334589226
xauusd,long_only,stress,2024-02,1.2964644340228122
xauusd,long_only,stress,2024-03,1.8601385175880787
xauusd,long_only,stress,2024-04,0.5335068477133675
xauusd,long_only,stress,2024-05,-0.8076925576636451
xauusd,long_only,stress,2024-06,1.5212009834980311
xauusd,long_only,stress,2024-07,0.05278816558400301
xauusd,long_only,stress,2024-08,-0.3835036697356048
xauusd,long_only,stress,2024-09,-1.1664233863323656
xauusd,long_only,stress,2024-10,10.13770233060763
xauusd,long_only,stress,2024-11,1.1516194262784072
xauusd,long_only,stress,2024-12,-2.418682582145886
xauusd,long_only,stress,2025-01,-4.1399380530385645
xauusd,long_only,stress,2025-02,3.8134135267837435
xauusd,long_only,stress,2025-03,-0.25936506799043413
xauusd,long_only,stress,2025-04,1.6812243433084135
xauusd,long_only,stress,2025-05,4.9489679983765
xauusd,long_only,stress,2025-06,-5.191987554973374
xauusd,long_only,stress,2025-07,4.382018287447892
xauusd,long_only,stress,2025-08,10.972239300298549
xauusd,long_only,stress,2025-09,1.773670169825484
xauusd,long_only,stress,2025-10,4.539846198490351
xauusd,long_only,stress,2025-11,6.993725347261938
xauusd,long_only,stress,2025-12,-9.636920511802927
xauusd,long_only,stress,2026-01,4.551042848122524
xauusd,long_only,stress,2026-02,-1.390583306186821
xauusd,long_only,stress,2026-03,-1.2264820606005375
xauusd,long_only,stress,2026-04,-6.944604078672114
xauusd,long_only,stress,2026-05,2.141931970680515
xauusd,long_only,stress,2026-06,-1.6015905128296686
xauusd,long_only,stress,2026-07,6.794044445015999
xauusd,long_only,stress,2026-08,0.7083562078696548
xauusd,short_only,stress,2024-01,-5.883208386816463
xauusd,short_only,stress,2024-02,-7.997838556064765
xauusd,short_only,stress,2024-03,-6.593861224088221
xauusd,short_only,stress,2024-04,-6.867250104941013
xauusd,short_only,stress,2024-05,-0.5172346100536085
xauusd,short_only,stress,2024-06,-4.32067034944532
xauusd,short_only,stress,2024-07,4.017242902080175
xauusd,short_only,stress,2024-08,-4.186023358652749
xauusd,short_only,stress,2024-09,-12.521225308093156
xauusd,short_only,stress,2024-10,-8.000000000000318
xauusd,short_only,stress,2024-11,13.034192610074836
xauusd,short_only,stress,2024-12,-2.7793250699343193
xauusd,short_only,stress,2025-01,-2.877264165108455
xauusd,short_only,stress,2025-02,-11.06941741642134
xauusd,short_only,stress,2025-03,-6.674228051799959
xauusd,short_only,stress,2025-04,2.7717498048022455
xauusd,short_only,stress,2025-05,0.5795524362921891
xauusd,short_only,stress,2025-06,-6.640539157781249
xauusd,short_only,stress,2025-07,-7.096804599052284
xauusd,short_only,stress,2025-08,0.5671294927454618
xauusd,short_only,stress,2025-09,1.7707582489097984
xauusd,short_only,stress,2025-10,3.318985598208779
xauusd,short_only,stress,2025-11,-6.941420371536195
xauusd,short_only,stress,2025-12,-0.734475201584306
xauusd,short_only,stress,2026-01,-8.000000000000071
xauusd,short_only,stress,2026-02,1.2112575139343402
xauusd,short_only,stress,2026-03,-0.6219152826390979
xauusd,short_only,stress,2026-04,-7.8543905322359855
xauusd,short_only,stress,2026-05,-1.1268038296379161
xauusd,short_only,stress,2026-06,6.013221240740267
xauusd,short_only,stress,2026-07,3.407266015409816
xauusd,short_only,stress,2026-08,-9.414948092249187
xauusd,trend_aligned,stress,2024-01,-4.268300334589226
xauusd,trend_aligned,stress,2024-02,1.2964644340228122
xauusd,trend_aligned,stress,2024-03,1.8601385175880787
xauusd,trend_aligned,stress,2024-04,0.5335068477133675
xauusd,trend_aligned,stress,2024-05,-0.8076925576636451
xauusd,trend_aligned,stress,2024-06,1.5212009834980311
xauusd,trend_aligned,stress,2024-07,0.05278816558400301
xauusd,trend_aligned,stress,2024-08,-0.3835036697356048
xauusd,trend_aligned,stress,2024-09,-1.1664233863323656
xauusd,trend_aligned,stress,2024-10,10.13770233060763
xauusd,trend_aligned,stress,2024-11,1.1516194262784072
xauusd,trend_aligned,stress,2024-12,-2.418682582145886
xauusd,trend_aligned,stress,2025-01,-4.1399380530385645
xauusd,trend_aligned,stress,2025-02,3.8134135267837435
xauusd,trend_aligned,stress,2025-03,-0.25936506799043413
xauusd,trend_aligned,stress,2025-04,1.6812243433084135
xauusd,trend_aligned,stress,2025-05,4.9489679983765
xauusd,trend_aligned,stress,2025-06,-5.191987554973374
xauusd,trend_aligned,stress,2025-07,4.382018287447892
xauusd,trend_aligned,stress,2025-08,10.972239300298549
xauusd,trend_aligned,stress,2025-09,1.773670169825484
xauusd,trend_aligned,stress,2025-10,4.539846198490351
xauusd,trend_aligned,stress,2025-11,6.993725347261938
xauusd,trend_aligned,stress,2025-12,-9.636920511802927
xauusd,trend_aligned,stress,2026-01,4.551042848122524
xauusd,trend_aligned,stress,2026-02,-1.390583306186821
xauusd,trend_aligned,stress,2026-03,-1.2264820606005375
xauusd,trend_aligned,stress,2026-04,-6.944604078672114
xauusd,trend_aligned,stress,2026-05,1.1328627311940758
xauusd,trend_aligned,stress,2026-06,4.648709970135825
xauusd,trend_aligned,stress,2026-07,3.407266015409816
xauusd,trend_aligned,stress,2026-08,-4.333414686661245
sp500,baseline,base,2024-01,6.907294436080416
sp500,baseline,base,2024-02,5.481949310509922
sp500,baseline,base,2024-03,-4.084929612185107
sp500,baseline,base,2024-04,-1.7212860695265886
sp500,baseline,base,2024-05,2.8501166143801195
sp500,baseline,base,2024-06,20.25969537704491
sp500,baseline,base,2024-07,-8.730988560200908
sp500,baseline,base,2024-08,4.476147589619526
sp500,baseline,base,2024-09,-0.04227199968064399
sp500,baseline,base,2024-10,2.8929335338931033
sp500,baseline,base,2024-11,-0.41024945793840684
sp500,baseline,base,2024-12,-4.423773617231356
sp500,baseline,base,2025-01,-0.03603113227416621
sp500,baseline,base,2025-02,-6.633416398205415
sp500,baseline,base,2025-03,-2.260401285721835
sp500,baseline,base,2025-04,9.056061027719249
sp500,baseline,base,2025-05,0.7413633389633978
sp500,baseline,base,2025-06,-7.792666675630842
sp500,baseline,base,2025-07,8.692747709916656
sp500,baseline,base,2025-08,-1.4306837950945437
sp500,baseline,base,2025-09,15.218698256977568
sp500,baseline,base,2025-10,4.817171180829668
sp500,baseline,base,2025-11,10.822289314980008
sp500,baseline,base,2025-12,0.44051958589795515
sp500,baseline,base,2026-01,-4.339879488595141
sp500,baseline,base,2026-02,4.293060428777363
sp500,baseline,base,2026-03,4.351817220771232
sp500,baseline,base,2026-04,18.70107485900729
sp500,baseline,base,2026-05,-8.01977336057504
sp500,baseline,base,2026-06,-5.420697838583383
sp500,baseline,base,2026-07,-8.392460885217933
sp500,baseline,base,2026-08,16.50336056323592
sp500,long_only,base,2024-01,9.28296933809644
sp500,long_only,base,2024-02,5.286500092025311
sp500,long_only,base,2024-03,-1.363996787072044
sp500,long_only,base,2024-04,-1.3402120674331859
sp500,long_only,base,2024-05,7.49015352355933
sp500,long_only,base,2024-06,18.79734949719189
sp500,long_only,base,2024-07,-5.676215502274718
sp500,long_only,base,2024-08,3.5657003634471414
sp500,long_only,base,2024-09,-4.096975254877057
sp500,long_only,base,2024-10,6.377479742689124
sp500,long_only,base,2024-11,7.4328338098316475
sp500,long_only,base,2024-12,-2.3218187509575836
sp500,long_only,base,2025-01,-1.0764210883510592
sp500,long_only,base,2025-02,-4.1082544602017155
sp500,long_only,base,2025-03,-4.251418679492914
sp500,long_only,base,2025-04,5.570545560093325
sp500,long_only,base,2025-05,2.36123494005112
sp500,long_only,base,2025-06,-6.552009277126961
sp500,long_only,base,2025-07,10.22917367001487
sp500,long_only,base,2025-08,7.122760733395965
sp500,long_only,base,2025-09,10.457856921998298
sp500,long_only,base,2025-10,4.647617551781957
sp500,long_only,base,2025-11,2.83723411067989
sp500,long_only,base,2025-12,-1.340970883822704
sp500,long_only,base,2026-01,-5.385625345265828
sp500,long_only,base,2026-02,-4.200243305923067
sp500,long_only,base,2026-03,-5.687605802510099
sp500,long_only,base,2026-04,17.681467756061483
sp500,long_only,base,2026-05,-2.7383052253969637
sp500,long_only,base,2026-06,-4.000000000000182
sp500,long_only,base,2026-07,-3.2877325313692243
sp500,long_only,base,2026-08,13.616649637339393
sp500,short_only,base,2024-01,-2.375674902016023
sp500,short_only,base,2024-02,0.1954492184846106
sp500,short_only,base,2024-03,-2.7209328251130627
sp500,short_only,base,2024-04,-0.3810740020934029
sp500,short_only,base,2024-05,-4.640036909179211
sp500,short_only,base,2024-06,1.4623458798530178
sp500,short_only,base,2024-07,-3.054773057926191
sp500,short_only,base,2024-08,0.9104472261723839
sp500,short_only,base,2024-09,4.054703255196413
sp500,short_only,base,2024-10,-3.484546208796021
sp500,short_only,base,2024-11,-7.843083267770054
sp500,short_only,base,2024-12,-2.101954866273773
sp500,short_only,base,2025-01,1.0403899560768932
sp500,short_only,base,2025-02,-2.5251619380036994
sp500,short_only,base,2025-03,1.9910173937710796
sp500,short_only,base,2025-04,3.4855154676259232
sp500,short_only,base,2025-05,-1.6198716010877219
sp500,short_only,base,2025-06,-1.2406573985038802
sp500,short_only,base,2025-07,-1.5364259600982129
sp500,short_only,base,2025-08,-8.553444528490509
sp500,short_only,base,2025-09,4.76084133497927
sp500,short_only,base,2025-10,0.16955362904770976
sp500,short_only,base,2025-11,7.985055204300119
sp500,short_only,base,2025-12,1.7814904697206595
sp500,short_only,base,2026-01,1.0457458566706868
sp500,short_only,base,2026-02,8.49330373470043
sp500,short_only,base,2026-03,10.03942302328133
sp500,short_only,base,2026-04,1.0196071029458076
sp500,short_only,base,2026-05,-5.281468135178076
sp500,short_only,base,2026-06,-1.4206978385832014
sp500,short_only,base,2026-07,-5.104728353848707
sp500,short_only,base,2026-08,2.886710925896526
sp500,trend_aligned,base,2024-01,9.28296933809644
sp500,trend_aligned,base,2024-02,5.286500092025311
sp500,trend_aligned,base,2024-03,-1.363996787072044
sp500,trend_aligned,base,2024-04,-1.3402120674331859
sp500,trend_aligned,base,2024-05,7.49015352355933
sp500,trend_aligned,base,2024-06,18.79734949719189
sp500,trend_aligned,base,2024-07,-5.676215502274718
sp500,trend_aligned,base,2024-08,3.5657003634471414
sp500,trend_aligned,base,2024-09,-4.096975254877057
sp500,trend_aligned,base,2024-10,6.377479742689124
sp500,trend_aligned,base,2024-11,7.4328338098316475
sp500,trend_aligned,base,2024-12,-2.3218187509575836
sp500,trend_aligned,base,2025-01,-1.0764210883510592
sp500,trend_aligned,base,2025-02,-4.1082544602017155
sp500,trend_aligned,base,2025-03,-1.5962661006399355
sp500,trend_aligned,base,2025-04,3.4855154676259232
sp500,trend_aligned,base,2025-05,-0.777506585741015
sp500,trend_aligned,base,2025-06,-6.552009277126961
sp500,trend_aligned,base,2025-07,10.22917367001487
sp500,trend_aligned,base,2025-08,7.122760733395965
sp500,trend_aligned,base,2025-09,10.457856921998298
sp500,trend_aligned,base,2025-10,4.647617551781957
sp500,trend_aligned,base,2025-11,2.83723411067989
sp500,trend_aligned,base,2025-12,-1.340970883822704
sp500,trend_aligned,base,2026-01,-5.385625345265828
sp500,trend_aligned,base,2026-02,-4.200243305923067
sp500,trend_aligned,base,2026-03,1.2093808735442368
sp500,trend_aligned,base,2026-04,5.092688159703351
sp500,trend_aligned,base,2026-05,-2.7383052253969637
sp500,trend_aligned,base,2026-06,-4.000000000000182
sp500,trend_aligned,base,2026-07,-3.2877325313692243
sp500,trend_aligned,base,2026-08,13.616649637339393
sp500,baseline,stress,2024-01,3.5959916603836324
sp500,baseline,stress,2024-02,1.2406018869679272
sp500,baseline,stress,2024-03,-4.591821182738375
sp500,baseline,stress,2024-04,-2.183131512261667
sp500,baseline,stress,2024-05,2.3391876245746976
sp500,baseline,stress,2024-06,18.821237927915906
sp500,baseline,stress,2024-07,-10.592135131047453
sp500,baseline,stress,2024-08,3.784299288085001
sp500,baseline,stress,2024-09,-0.38304855527096493
sp500,baseline,stress,2024-10,1.714448467489996
sp500,baseline,stress,2024-11,-2.0096836493952135
sp500,baseline,stress,2024-12,-5.049577196550558
sp500,baseline,stress,2025-01,-0.5716097642513018
sp500,baseline,stress,2025-02,-7.018107688071337
sp500,baseline,stress,2025-03,-4.76592557547381
sp500,baseline,stress,2025-04,8.685188324839658
sp500,baseline,stress,2025-05,0.12704230442684206
sp500,baseline,stress,2025-06,-9.966899381700365
sp500,baseline,stress,2025-07,15.16812187831503
sp500,baseline,stress,2025-08,-2.08399877271652
sp500,baseline,stress,2025-09,7.6052773005205605
sp500,baseline,stress,2025-10,4.933168808732249
sp500,baseline,stress,2025-11,10.249389995219651
sp500,baseline,stress,2025-12,-0.42605108051573715
sp500,baseline,stress,2026-01,-5.057352672162224
sp500,baseline,stress,2026-02,3.7705417763224918
sp500,baseline,stress,2026-03,3.8872696339543666
sp500,baseline,stress,2026-04,17.829222075673847
sp500,baseline,stress,2026-05,-9.427667721447413
sp500,baseline,stress,2026-06,-5.556288694662851
sp500,baseline,stress,2026-07,-9.635623457672315
sp500,baseline,stress,2026-08,7.375105867861446
sp500,long_only,stress,2024-01,8.617642836869106
sp500,long_only,stress,2024-02,2.6584858260483983
sp500,long_only,stress,2024-03,-1.5744429095079435
sp500,long_only,stress,2024-04,-1.4951195348595774
sp500,long_only,stress,2024-05,6.858977999715183
sp500,long_only,stress,2024-06,17.976992583535235
sp500,long_only,stress,2024-07,-5.96475198943425
sp500,long_only,stress,2024-08,3.2209077187973625
sp500,long_only,stress,2024-09,-4.222206756792383
sp500,long_only,stress,2024-10,5.514291372343467
sp500,long_only,stress,2024-11,7.0023831271998604
sp500,long_only,stress,2024-12,-2.7250192443264107
sp500,long_only,stress,2025-01,-1.4268445594788917
sp500,long_only,stress,2025-02,-4.168271997899649
sp500,long_only,stress,2025-03,-6.331566790287034
sp500,long_only,stress,2025-04,5.361209232410624
sp500,long_only,stress,2025-05,1.950177416806019
sp500,long_only,stress,2025-06,-7.05041678397618
sp500,long_only,stress,2025-07,16.130903483161784
sp500,long_only,stress,2025-08,6.832894577761874
sp500,long_only,stress,2025-09,8.848507195244565
sp500,long_only,stress,2025-10,4.9640440582498355
sp500,long_only,stress,2025-11,2.652123919858063
sp500,long_only,stress,2025-12,-1.7559987309937177
sp500,long_only,stress,2026-01,-5.690507429852065
sp500,long_only,stress,2026-02,-4.307228427592328
sp500,long_only,stress,2026-03,-5.722616764828933
sp500,long_only,stress,2026-04,17.030837593798942
sp500,long_only,stress,2026-05,-3.0063157192265857
sp500,long_only,stress,2026-06,-4.000000000000158
sp500,long_only,stress,2026-07,-3.317347512819799
sp500,long_only,stress,2026-08,13.158418012190163
sp500,short_only,stress,2024-01,-5.021651176485473
sp500,short_only,stress,2024-02,-1.4178839390804712
sp500,short_only,stress,2024-03,-3.017378273230432
sp500,short_only,stress,2024-04,-0.6880119774020892
sp500,short_only,stress,2024-05,-4.519790375140486
sp500,short_only,stress,2024-06,0.8442453443806706
sp500,short_only,stress,2024-07,-4.627383141613201
sp500,short_only,stress,2024-08,0.5633915692876394
sp500,short_only,stress,2024-09,3.839158201521419
sp500,short_only,stress,2024-10,-3.7998429048534716
sp500,short_only,stress,2024-11,-9.012066776595073
sp500,short_only,stress,2024-12,-2.324557952224147
sp500,short_only,stress,2025-01,0.85523479522759
sp500,short_only,stress,2025-02,-2.8498356901716884
sp500,short_only,stress,2025-03,1.5656412148132237
sp500,short_only,stress,2025-04,3.3239790924290333
sp500,short_only,stress,2025-05,-1.823135112379178
sp500,short_only,stress,2025-06,-2.916482597724185
sp500,short_only,stress,2025-07,-0.9627816048467546
sp500,short_only,stress,2025-08,-8.916893350478393
sp500,short_only,stress,2025-09,-1.2432298947240046
sp500,short_only,stress,2025-10,-0.0308752495175868
sp500,short_only,stress,2025-11,7.5972660753615875
sp500,short_only,stress,2025-12,1.3299476504779806
sp500,short_only,stress,2026-01,0.6331547576898409
sp500,short_only,stress,2026-02,8.07777020391482
sp500,short_only,stress,2026-03,9.6098863987833
sp500,short_only,stress,2026-04,0.7983844818749064
sp500,short_only,stress,2026-05,-6.421352002220827
sp500,short_only,stress,2026-06,-1.556288694662693
sp500,short_only,stress,2026-07,-6.318275944852516
sp500,short_only,stress,2026-08,-5.7833121443287165
sp500,trend_aligned,stress,2024-01,8.617642836869106
sp500,trend_aligned,stress,2024-02,2.6584858260483983
sp500,trend_aligned,stress,2024-03,-1.5744429095079435
sp500,trend_aligned,stress,2024-04,-1.4951195348595774
sp500,trend_aligned,stress,2024-05,6.858977999715183
sp500,trend_aligned,stress,2024-06,17.976992583535235
sp500,trend_aligned,stress,2024-07,-5.96475198943425
sp500,trend_aligned,stress,2024-08,3.2209077187973625
sp500,trend_aligned,stress,2024-09,-4.222206756792383
sp500,trend_aligned,stress,2024-10,5.514291372343467
sp500,trend_aligned,stress,2024-11,7.0023831271998604
sp500,trend_aligned,stress,2024-12,-2.7250192443264107
sp500,trend_aligned,stress,2025-01,-1.4268445594788917
sp500,trend_aligned,stress,2025-02,-4.168271997899649
sp500,trend_aligned,stress,2025-03,-1.7108777417127614
sp500,trend_aligned,stress,2025-04,3.3239790924290333
sp500,trend_aligned,stress,2025-05,-0.9865693957985311
sp500,trend_aligned,stress,2025-06,-7.05041678397618
sp500,trend_aligned,stress,2025-07,16.130903483161784
sp500,trend_aligned,stress,2025-08,6.832894577761874
sp500,trend_aligned,stress,2025-09,8.848507195244565
sp500,trend_aligned,stress,2025-10,4.9640440582498355
sp500,trend_aligned,stress,2025-11,2.652123919858063
sp500,trend_aligned,stress,2025-12,-1.7559987309937177
sp500,trend_aligned,stress,2026-01,-5.690507429852065
sp500,trend_aligned,stress,2026-02,-4.307228427592328
sp500,trend_aligned,stress,2026-03,1.0668680180232193
sp500,trend_aligned,stress,2026-04,4.6707993144125775
sp500,trend_aligned,stress,2026-05,-3.0063157192265857
sp500,trend_aligned,stress,2026-06,-4.000000000000158
sp500,trend_aligned,stress,2026-07,-3.317347512819799
sp500,trend_aligned,stress,2026-08,13.158418012190163
