asset,policy,cost,year,direction,regime,trades,trades_per_week,total_r,mean_r,median_r,win_rate,profit_factor,max_drawdown_r,total_r_ex_top10
xauusd,baseline,base,2024,-1,bull,128,0.919917864476386,-28.609210550387857,-0.22350945742490513,-0.9999999999999793,0.328125,0.6676886906962305,46.80099674781576,-65.99304389720496
xauusd,baseline,base,2024,1,bull,158,1.1355236139630391,12.80402185287156,0.08103811299285797,-0.9999999999999587,0.43037974683544306,1.143913335663214,9.492631225499359,-29.6959820976895
xauusd,baseline,base,2025,-1,bull,131,0.9414784394250514,-31.961959448429717,-0.24398442327045586,-0.9999999999999799,0.3435114503816794,0.6226795526854608,34.411446339990356,-59.17408831940921
xauusd,baseline,base,2025,1,bull,150,1.0780287474332648,24.67672920107794,0.16451152800718627,-0.9999999999999634,0.47333333333333333,1.3123636607731362,9.56340398069187,-20.57503992450236
xauusd,baseline,base,2026,-1,bear,21,0.1509240246406571,4.811909934322025,0.2291385683010488,-0.9999999999999795,0.47619047619047616,1.4374463576656369,5.000000000000048,-11.000000000000046
xauusd,baseline,base,2026,-1,bull,66,0.4743326488706366,-22.2502286892737,-0.3371246771102076,-1.000000000000011,0.3181818181818182,0.5055517997704098,22.25022868927371,-39.74297599277939
xauusd,baseline,base,2026,-1,mixed,9,0.0646817248459959,2.912810457036427,0.32364560633738076,-1.000000000000021,0.4444444444444444,1.5825620914072636,3.000000000000118,0.0
xauusd,baseline,base,2026,1,bear,23,0.16529774127310062,10.491253223485622,0.4561414444993748,0.18488684015325377,0.5217391304347826,1.95375029304412,3.0000000000000435,-10.549831792831021
xauusd,baseline,base,2026,1,bull,47,0.337782340862423,-4.736116240928515,-0.10076843065805352,-1.000000000000009,0.3404255319148936,0.847222056744246,12.595858264672128,-29.428155719222325
xauusd,baseline,base,2026,1,mixed,12,0.08624229979466119,-0.6182033098295789,-0.051516942485798245,-0.4676924476889317,0.5,0.8969661150284058,3.54105091215673,-2.0000000000000786
xauusd,long_only,base,2024,1,bull,158,1.1355236139630391,12.80402185287156,0.08103811299285797,-0.9999999999999587,0.43037974683544306,1.143913335663214,9.492631225499359,-29.6959820976895
xauusd,long_only,base,2025,1,bull,150,1.0780287474332648,24.67672920107794,0.16451152800718627,-0.9999999999999634,0.47333333333333333,1.3123636607731362,9.56340398069187,-20.57503992450236
xauusd,long_only,base,2026,1,bear,23,0.16529774127310062,10.491253223485622,0.4561414444993748,0.18488684015325377,0.5217391304347826,1.95375029304412,3.0000000000000435,-10.549831792831021
xauusd,long_only,base,2026,1,bull,47,0.337782340862423,-4.736116240928515,-0.10076843065805352,-1.000000000000009,0.3404255319148936,0.847222056744246,12.595858264672128,-29.428155719222325
xauusd,long_only,base,2026,1,mixed,12,0.08624229979466119,-0.6182033098295789,-0.051516942485798245,-0.4676924476889317,0.5,0.8969661150284058,3.54105091215673,-2.0000000000000786
xauusd,short_only,base,2024,-1,bull,128,0.919917864476386,-28.609210550387857,-0.22350945742490513,-0.9999999999999793,0.328125,0.6676886906962305,46.80099674781576,-65.99304389720496
xauusd,short_only,base,2025,-1,bull,131,0.9414784394250514,-31.961959448429717,-0.24398442327045586,-0.9999999999999799,0.3435114503816794,0.6226795526854608,34.411446339990356,-59.17408831940921
xauusd,short_only,base,2026,-1,bear,21,0.1509240246406571,4.811909934322025,0.2291385683010488,-0.9999999999999795,0.47619047619047616,1.4374463576656369,5.000000000000048,-11.000000000000046
xauusd,short_only,base,2026,-1,bull,66,0.4743326488706366,-22.2502286892737,-0.3371246771102076,-1.000000000000011,0.3181818181818182,0.5055517997704098,22.25022868927371,-39.74297599277939
xauusd,short_only,base,2026,-1,mixed,9,0.0646817248459959,2.912810457036427,0.32364560633738076,-1.000000000000021,0.4444444444444444,1.5825620914072636,3.000000000000118,0.0
xauusd,trend_aligned,base,2024,1,bull,158,1.1355236139630391,12.80402185287156,0.08103811299285797,-0.9999999999999587,0.43037974683544306,1.143913335663214,9.492631225499359,-29.6959820976895
xauusd,trend_aligned,base,2025,1,bull,150,1.0780287474332648,24.67672920107794,0.16451152800718627,-0.9999999999999634,0.47333333333333333,1.3123636607731362,9.56340398069187,-20.57503992450236
xauusd,trend_aligned,base,2026,-1,bear,22,0.15811088295687886,6.4175163133054225,0.2917052869684283,-0.3919771495755051,0.5,1.5834105739368542,5.000000000000048,-10.783954299151077
xauusd,trend_aligned,base,2026,1,bull,47,0.337782340862423,-4.736116240928515,-0.10076843065805352,-1.000000000000009,0.3404255319148936,0.847222056744246,12.595858264672128,-29.428155719222325
xauusd,baseline,stress,2024,-1,bull,128,0.919917864476386,-42.61520145593492,-0.3329312613744916,-1.0000000000000084,0.296875,0.5271436618360571,55.402001043588335,-74.01744109729734
xauusd,baseline,stress,2024,1,bull,156,1.1211498973305956,7.240443315403544,0.04641309817566375,-0.9999999999999927,0.4166666666666667,1.0804380726988447,11.506149595841137,-35.44825870799566
xauusd,baseline,stress,2025,-1,bull,131,0.9414784394250514,-34.02597338232531,-0.25974025482691077,-1.0000000000000064,0.3435114503816794,0.5984373109352256,36.29616226546869,-60.61241013690377
xauusd,baseline,stress,2025,1,bull,150,1.0780287474332648,20.145268843409635,0.13430179228939756,-0.999999999999994,0.4666666666666667,1.251815860542613,9.63692051180292,-23.908632099847523
xauusd,baseline,stress,2026,-1,bear,21,0.1509240246406571,4.476257173865028,0.21315510351738226,-0.9999999999999761,0.47619047619047616,1.4069324703513606,5.000000000000035,-11.000000000000151
xauusd,baseline,stress,2026,-1,bull,66,0.4743326488706366,-22.660840823132876,-0.3433460730777709,-0.9999999999999952,0.3181818181818182,0.4964532638790642,22.660840823132883,-39.96130721225401
xauusd,baseline,stress,2026,-1,mixed,9,0.0646817248459959,2.79827068259003,0.3109189647322255,-1.000000000000003,0.4444444444444444,1.5596541365179952,3.00000000000006,0.0
xauusd,baseline,stress,2026,1,bear,23,0.16529774127310062,10.03077377756087,0.43612059902438566,0.16698218898223754,0.5217391304347826,1.9118885252327882,3.0000000000000586,-10.585991693364342
xauusd,baseline,stress,2026,1,bull,47,0.337782340862423,-6.211178552804084,-0.13215273516604434,-0.9999999999999969,0.3191489361702128,0.8059006702248754,12.762073195313516,-30.52029873646078
xauusd,baseline,stress,2026,1,mixed,12,0.08624229979466119,-0.7874797113572363,-0.06562330927976968,-0.4809167379665357,0.5,0.8687533814404611,3.5964969532111377,-2.0000000000000404
xauusd,long_only,stress,2024,1,bull,156,1.1211498973305956,7.240443315403544,0.04641309817566375,-0.9999999999999927,0.4166666666666667,1.0804380726988447,11.506149595841137,-35.44825870799566
xauusd,long_only,stress,2025,1,bull,150,1.0780287474332648,20.145268843409635,0.13430179228939756,-0.999999999999994,0.4666666666666667,1.251815860542613,9.63692051180292,-23.908632099847523
xauusd,long_only,stress,2026,1,bear,23,0.16529774127310062,10.03077377756087,0.43612059902438566,0.16698218898223754,0.5217391304347826,1.9118885252327882,3.0000000000000586,-10.585991693364342
xauusd,long_only,stress,2026,1,bull,47,0.337782340862423,-6.211178552804084,-0.13215273516604434,-0.9999999999999969,0.3191489361702128,0.8059006702248754,12.762073195313516,-30.52029873646078
xauusd,long_only,stress,2026,1,mixed,12,0.08624229979466119,-0.7874797113572363,-0.06562330927976968,-0.4809167379665357,0.5,0.8687533814404611,3.5964969532111377,-2.0000000000000404
xauusd,short_only,stress,2024,-1,bull,128,0.919917864476386,-42.61520145593492,-0.3329312613744916,-1.0000000000000084,0.296875,0.5271436618360571,55.402001043588335,-74.01744109729734
xauusd,short_only,stress,2025,-1,bull,131,0.9414784394250514,-34.02597338232531,-0.25974025482691077,-1.0000000000000064,0.3435114503816794,0.5984373109352256,36.29616226546869,-60.61241013690377
xauusd,short_only,stress,2026,-1,bear,21,0.1509240246406571,4.476257173865028,0.21315510351738226,-0.9999999999999761,0.47619047619047616,1.4069324703513606,5.000000000000035,-11.000000000000151
xauusd,short_only,stress,2026,-1,bull,66,0.4743326488706366,-22.660840823132876,-0.3433460730777709,-0.9999999999999952,0.3181818181818182,0.4964532638790642,22.660840823132883,-39.96130721225401
xauusd,short_only,stress,2026,-1,mixed,9,0.0646817248459959,2.79827068259003,0.3109189647322255,-1.000000000000003,0.4444444444444444,1.5596541365179952,3.00000000000006,0.0
xauusd,trend_aligned,stress,2024,1,bull,156,1.1211498973305956,7.240443315403544,0.04641309817566375,-0.9999999999999927,0.4166666666666667,1.0804380726988447,11.506149595841137,-35.44825870799566
xauusd,trend_aligned,stress,2025,1,bull,150,1.0780287474332648,20.145268843409635,0.13430179228939756,-0.999999999999994,0.4666666666666667,1.251815860542613,9.63692051180292,-23.908632099847523
xauusd,trend_aligned,stress,2026,-1,bear,22,0.15811088295687886,6.05597598554561,0.2752716357066186,-0.40054429441534434,0.5,1.5505432714132297,5.000000000000035,-10.801088588830863
xauusd,trend_aligned,stress,2026,1,bull,47,0.337782340862423,-6.211178552804084,-0.13215273516604434,-0.9999999999999969,0.3191489361702128,0.8059006702248754,12.762073195313516,-30.52029873646078
sp500,baseline,base,2024,-1,bull,143,1.0277207392197125,-19.97913045946131,-0.13971419901721197,-1.0000000000000344,0.2937062937062937,0.801456137269686,29.841722940336222,-69.4830475895628
sp500,baseline,base,2024,1,bull,122,0.8767967145790555,43.4337680042263,0.3560144918379205,-1.0000000000000038,0.47540983606557374,1.6784400974267577,9.531274891430431,-9.083062707364913
sp500,baseline,base,2025,-1,bear,19,0.13655030800821355,2.640420542434814,0.13896950223341129,-1.0000000000000104,0.42105263157894735,1.2400382311304292,5.5962661006399825,-9.000000000000368
sp500,baseline,base,2025,-1,bull,120,0.8624229979466119,2.5912314691172975,0.021593595575977478,-1.000000000000015,0.36666666666666664,1.0341715945066692,15.608174460853828,-34.6284837219585
sp500,baseline,base,2025,-1,mixed,10,0.07186858316221766,0.5066500177855175,0.05066500177855175,-1.0000000000000235,0.2,1.0633312522231873,4.000000000000076,0.0
sp500,baseline,base,2025,1,bear,18,0.1293634496919918,0.05940582655347448,0.0033003236974152492,-0.8598327908847839,0.4444444444444444,1.00611192083243,4.000000000000215,-8.000000000000378
sp500,baseline,base,2025,1,bull,90,0.6468172484599589,20.688309517178695,0.22987010574642994,-1.0000000000000053,0.45555555555555555,1.422024124911775,16.31221254641579,-20.226356370661506
sp500,baseline,base,2025,1,mixed,8,0.057494866529774126,5.149633755287898,0.6437042194109872,0.5166244504910876,0.625,2.7165445850959324,2.0000000000000258,0.0
sp500,baseline,base,2026,-1,bear,3,0.021560574948665298,3.896986676054299,1.2989955586847663,0.9324460923414893,0.6666666666666666,4.8969866760543,1.0,0.0
sp500,baseline,base,2026,-1,bull,81,0.582135523613963,7.923834516650155,0.09782511748950809,-1.0000000000000082,0.37037037037037035,1.1553693042480369,16.162915625893625,-31.77280688916926
sp500,baseline,base,2026,-1,mixed,4,0.028747433264887063,-0.1429248768196596,-0.0357312192049149,-0.4211310664974699,0.5,0.9285375615901739,1.0000000000000695,0.0
sp500,baseline,base,2026,1,bear,2,0.014373716632443531,0.9744643501243866,0.4872321750621933,0.4872321750621933,0.5,1.9744643501243775,1.0000000000000093,0.0
sp500,baseline,base,2026,1,bull,62,0.4455852156057495,-3.5901744134225835,-0.0579060389261707,-1.0000000000000147,0.3225806451612903,0.9149211854421696,17.206824050761977,-36.92685324554662
sp500,baseline,base,2026,1,mixed,6,0.043121149897330596,8.614315246233705,1.4357192077056176,-1.0000000000000142,0.3333333333333333,3.1535788115583627,2.0000000000000817,0.0
sp500,long_only,base,2024,1,bull,122,0.8767967145790555,43.4337680042263,0.3560144918379205,-1.0000000000000038,0.47540983606557374,1.6784400974267577,9.531274891430431,-9.083062707364913
sp500,long_only,base,2025,1,bear,18,0.1293634496919918,0.05940582655347448,0.0033003236974152492,-0.8598327908847839,0.4444444444444444,1.00611192083243,4.000000000000215,-8.000000000000378
sp500,long_only,base,2025,1,bull,90,0.6468172484599589,20.688309517178695,0.22987010574642994,-1.0000000000000053,0.45555555555555555,1.422024124911775,16.31221254641579,-20.226356370661506
sp500,long_only,base,2025,1,mixed,8,0.057494866529774126,5.149633755287898,0.6437042194109872,0.5166244504910876,0.625,2.7165445850959324,2.0000000000000258,0.0
sp500,long_only,base,2026,1,bear,2,0.014373716632443531,0.9744643501243866,0.4872321750621933,0.4872321750621933,0.5,1.9744643501243775,1.0000000000000093,0.0
sp500,long_only,base,2026,1,bull,62,0.4455852156057495,-3.5901744134225835,-0.0579060389261707,-1.0000000000000147,0.3225806451612903,0.9149211854421696,17.206824050761977,-36.92685324554662
sp500,long_only,base,2026,1,mixed,6,0.043121149897330596,8.614315246233705,1.4357192077056176,-1.0000000000000142,0.3333333333333333,3.1535788115583627,2.0000000000000817,0.0
sp500,short_only,base,2024,-1,bull,143,1.0277207392197125,-19.97913045946131,-0.13971419901721197,-1.0000000000000344,0.2937062937062937,0.801456137269686,29.841722940336222,-69.4830475895628
sp500,short_only,base,2025,-1,bear,19,0.13655030800821355,2.640420542434814,0.13896950223341129,-1.0000000000000104,0.42105263157894735,1.2400382311304292,5.5962661006399825,-9.000000000000368
sp500,short_only,base,2025,-1,bull,120,0.8624229979466119,2.5912314691172975,0.021593595575977478,-1.000000000000015,0.36666666666666664,1.0341715945066692,15.608174460853828,-34.6284837219585
sp500,short_only,base,2025,-1,mixed,10,0.07186858316221766,0.5066500177855175,0.05066500177855175,-1.0000000000000235,0.2,1.0633312522231873,4.000000000000076,0.0
sp500,short_only,base,2026,-1,bear,3,0.021560574948665298,3.896986676054299,1.2989955586847663,0.9324460923414893,0.6666666666666666,4.8969866760543,1.0,0.0
sp500,short_only,base,2026,-1,bull,81,0.582135523613963,7.923834516650155,0.09782511748950809,-1.0000000000000082,0.37037037037037035,1.1553693042480369,16.162915625893625,-31.77280688916926
sp500,short_only,base,2026,-1,mixed,4,0.028747433264887063,-0.1429248768196596,-0.0357312192049149,-0.4211310664974699,0.5,0.9285375615901739,1.0000000000000695,0.0
sp500,trend_aligned,base,2024,1,bull,122,0.8767967145790555,43.4337680042263,0.3560144918379205,-1.0000000000000038,0.47540983606557374,1.6784400974267577,9.531274891430431,-9.083062707364913
sp500,trend_aligned,base,2025,-1,bear,19,0.13655030800821355,2.640420542434814,0.13896950223341129,-1.0000000000000104,0.42105263157894735,1.2400382311304292,5.5962661006399825,-9.000000000000368
sp500,trend_aligned,base,2025,1,bull,90,0.6468172484599589,20.688309517178695,0.22987010574642994,-1.0000000000000053,0.45555555555555555,1.422024124911775,16.31221254641579,-20.226356370661506
sp500,trend_aligned,base,2026,-1,bear,3,0.021560574948665298,3.896986676054299,1.2989955586847663,0.9324460923414893,0.6666666666666666,4.8969866760543,1.0,0.0
sp500,trend_aligned,base,2026,1,bull,62,0.4455852156057495,-3.5901744134225835,-0.0579060389261707,-1.0000000000000147,0.3225806451612903,0.9149211854421696,17.206824050761977,-36.92685324554662
sp500,baseline,stress,2024,-1,bull,143,1.0277207392197125,-29.181771401435114,-0.20406833147856723,-1.0000000000000375,0.26573426573426573,0.7214884906903746,38.605691954520424,-77.30065316896759
sp500,baseline,stress,2024,1,bull,122,0.8767967145790555,35.868141029588045,0.29400115598022986,-0.9999999999999963,0.4672131147540984,1.5515707256454687,10.001299037995434,-15.101279654550039
sp500,baseline,stress,2025,-1,bear,19,0.13655030800821355,2.2790168996585223,0.11994825787676433,-1.0000000000000038,0.42105263157894735,1.207183354514405,5.710877741712796,-9.000000000000329
sp500,baseline,stress,2025,-1,bull,120,0.8624229979466119,-6.6891899172936276,-0.05574324931078023,-1.000000000000007,0.35,0.9140898030995116,21.98264448019262,-42.07059460552044
sp500,baseline,stress,2025,-1,mixed,10,0.07186858316221766,0.33900834610273245,0.033900834610273246,-1.00000000000002,0.2,1.0423760432628404,4.000000000000062,0.0
sp500,baseline,stress,2025,1,bear,18,0.1293634496919918,-0.26645905911676304,-0.014803281062042392,-0.8627329618650794,0.4444444444444444,0.972601923526708,4.000000000000191,-8.000000000000329
sp500,baseline,stress,2025,1,bull,90,0.6468172484599589,23.374456217186896,0.25971618019096554,-0.9999999999999984,0.45555555555555555,1.4770297187180814,16.77065433162824,-20.95491634572047
sp500,baseline,stress,2025,1,mixed,8,0.057494866529774126,2.8987638627871544,0.3623454828483943,-0.3519492493798773,0.5,1.7246909656967726,3.0000000000000653,0.0
sp500,baseline,stress,2026,-1,bear,3,0.021560574948665298,3.7894847828521274,1.2631615942840424,0.8966196004801025,0.6666666666666666,4.789484782852149,0.9999999999999942,0.0
sp500,baseline,stress,2026,-1,bull,82,0.5893223819301848,-4.525604820776121,-0.055190302692391724,-1.0000000000000084,0.34146341463414637,0.9162271146800688,22.07922878606486,-37.61608314720914
sp500,baseline,stress,2026,-1,mixed,4,0.028747433264887063,-0.22391290587788992,-0.05597822646947248,-0.434665478338637,0.5,0.8880435470610603,1.0000000000000597,0.0
sp500,baseline,stress,2026,1,bear,2,0.014373716632443531,0.9278959722161251,0.46394798610806254,0.46394798610806254,0.5,1.9278959722161215,1.0000000000000038,0.0
sp500,baseline,stress,2026,1,bull,62,0.4455852156057495,-5.214798527717102,-0.08410965367285649,-1.0000000000000098,0.3225806451612903,0.8764912615629897,18.373216539907276,-37.57856675896009
sp500,baseline,stress,2026,1,mixed,6,0.043121149897330596,8.432142307170214,1.4053570511950355,-1.0000000000000087,0.3333333333333333,3.1080355767925023,2.000000000000064,0.0
sp500,long_only,stress,2024,1,bull,122,0.8767967145790555,35.868141029588045,0.29400115598022986,-0.9999999999999963,0.4672131147540984,1.5515707256454687,10.001299037995434,-15.101279654550039
sp500,long_only,stress,2025,1,bear,18,0.1293634496919918,-0.26645905911676304,-0.014803281062042392,-0.8627329618650794,0.4444444444444444,0.972601923526708,4.000000000000191,-8.000000000000329
sp500,long_only,stress,2025,1,bull,90,0.6468172484599589,23.374456217186896,0.25971618019096554,-0.9999999999999984,0.45555555555555555,1.4770297187180814,16.77065433162824,-20.95491634572047
sp500,long_only,stress,2025,1,mixed,8,0.057494866529774126,2.8987638627871544,0.3623454828483943,-0.3519492493798773,0.5,1.7246909656967726,3.0000000000000653,0.0
sp500,long_only,stress,2026,1,bear,2,0.014373716632443531,0.9278959722161251,0.46394798610806254,0.46394798610806254,0.5,1.9278959722161215,1.0000000000000038,0.0
sp500,long_only,stress,2026,1,bull,62,0.4455852156057495,-5.214798527717102,-0.08410965367285649,-1.0000000000000098,0.3225806451612903,0.8764912615629897,18.373216539907276,-37.57856675896009
sp500,long_only,stress,2026,1,mixed,6,0.043121149897330596,8.432142307170214,1.4053570511950355,-1.0000000000000087,0.3333333333333333,3.1080355767925023,2.000000000000064,0.0
sp500,short_only,stress,2024,-1,bull,143,1.0277207392197125,-29.181771401435114,-0.20406833147856723,-1.0000000000000375,0.26573426573426573,0.7214884906903746,38.605691954520424,-77.30065316896759
sp500,short_only,stress,2025,-1,bear,19,0.13655030800821355,2.2790168996585223,0.11994825787676433,-1.0000000000000038,0.42105263157894735,1.207183354514405,5.710877741712796,-9.000000000000329
sp500,short_only,stress,2025,-1,bull,120,0.8624229979466119,-6.6891899172936276,-0.05574324931078023,-1.000000000000007,0.35,0.9140898030995116,21.98264448019262,-42.07059460552044
sp500,short_only,stress,2025,-1,mixed,10,0.07186858316221766,0.33900834610273245,0.033900834610273246,-1.00000000000002,0.2,1.0423760432628404,4.000000000000062,0.0
sp500,short_only,stress,2026,-1,bear,3,0.021560574948665298,3.7894847828521274,1.2631615942840424,0.8966196004801025,0.6666666666666666,4.789484782852149,0.9999999999999942,0.0
sp500,short_only,stress,2026,-1,bull,82,0.5893223819301848,-4.525604820776121,-0.055190302692391724,-1.0000000000000084,0.34146341463414637,0.9162271146800688,22.07922878606486,-37.61608314720914
sp500,short_only,stress,2026,-1,mixed,4,0.028747433264887063,-0.22391290587788992,-0.05597822646947248,-0.434665478338637,0.5,0.8880435470610603,1.0000000000000597,0.0
sp500,trend_aligned,stress,2024,1,bull,122,0.8767967145790555,35.868141029588045,0.29400115598022986,-0.9999999999999963,0.4672131147540984,1.5515707256454687,10.001299037995434,-15.101279654550039
sp500,trend_aligned,stress,2025,-1,bear,19,0.13655030800821355,2.2790168996585223,0.11994825787676433,-1.0000000000000038,0.42105263157894735,1.207183354514405,5.710877741712796,-9.000000000000329
sp500,trend_aligned,stress,2025,1,bull,90,0.6468172484599589,23.374456217186896,0.25971618019096554,-0.9999999999999984,0.45555555555555555,1.4770297187180814,16.77065433162824,-20.95491634572047
sp500,trend_aligned,stress,2026,-1,bear,3,0.021560574948665298,3.7894847828521274,1.2631615942840424,0.8966196004801025,0.6666666666666666,4.789484782852149,0.9999999999999942,0.0
sp500,trend_aligned,stress,2026,1,bull,62,0.4455852156057495,-5.214798527717102,-0.08410965367285649,-1.0000000000000098,0.3225806451612903,0.8764912615629897,18.373216539907276,-37.57856675896009
