asset,timeframe,scope,variant,month,net_bps,trades,year
sp500,15min,full_history,causal_lorentzian,2024-01,-16.835925609708042,47,2024
sp500,15min,full_history,causal_lorentzian,2024-02,4.585392809570928,25,2024
sp500,15min,full_history,causal_lorentzian,2024-03,-80.5045505927526,33,2024
sp500,15min,full_history,causal_lorentzian,2024-04,94.57529994875391,36,2024
sp500,15min,full_history,causal_lorentzian,2024-05,-269.8951279089323,31,2024
sp500,15min,full_history,causal_lorentzian,2024-06,-103.8110839871465,41,2024
sp500,15min,full_history,causal_lorentzian,2024-07,48.274974118722014,48,2024
sp500,15min,full_history,causal_lorentzian,2024-08,44.340751750935354,40,2024
sp500,15min,full_history,causal_lorentzian,2024-09,-195.28928372648883,37,2024
sp500,15min,full_history,causal_lorentzian,2024-10,-46.72403257899695,37,2024
sp500,15min,full_history,causal_lorentzian,2024-11,122.68312555658841,43,2024
sp500,15min,full_history,causal_lorentzian,2024-12,194.07185074528198,50,2024
sp500,15min,full_history,causal_lorentzian,2025-01,115.61429522606453,46,2025
sp500,15min,full_history,causal_lorentzian,2025-02,-234.54457865718916,30,2025
sp500,15min,full_history,causal_lorentzian,2025-03,-50.31061009831217,45,2025
sp500,15min,full_history,causal_lorentzian,2025-04,-139.1984804999304,43,2025
sp500,15min,full_history,causal_lorentzian,2025-05,-373.90703335404896,36,2025
sp500,15min,full_history,causal_lorentzian,2025-06,-12.00662500972283,41,2025
sp500,15min,full_history,causal_lorentzian,2025-07,35.75633358827963,53,2025
sp500,15min,full_history,causal_lorentzian,2025-08,49.42312413043016,35,2025
sp500,15min,full_history,causal_lorentzian,2025-09,-113.56070761116638,48,2025
sp500,15min,full_history,causal_lorentzian,2025-10,0.8687235030984866,54,2025
sp500,15min,full_history,causal_lorentzian,2025-11,40.04120281647936,43,2025
sp500,15min,full_history,causal_lorentzian,2025-12,-95.20909841711631,44,2025
sp500,15min,full_history,causal_lorentzian,2026-01,24.256237283217192,42,2026
sp500,15min,full_history,causal_lorentzian,2026-02,-206.91038835936124,51,2026
sp500,15min,full_history,causal_lorentzian,2026-03,73.79500118862126,50,2026
sp500,15min,full_history,causal_lorentzian,2026-04,98.2422850044991,40,2026
sp500,15min,full_history,causal_lorentzian,2026-05,-104.54201236947412,38,2026
sp500,15min,full_history,causal_lorentzian,2026-06,-425.6252528733341,50,2026
sp500,15min,full_history,causal_lorentzian,2026-07,-68.04567421553205,47,2026
sp500,15min,full_history,causal_lorentzian,2026-08,-31.307564469145547,48,2026
sp500,15min,full_history,causal_euclidean,2024-01,-14.417880101468011,49,2024
sp500,15min,full_history,causal_euclidean,2024-02,-2.491351158820398,24,2024
sp500,15min,full_history,causal_euclidean,2024-03,-5.63808326257689,42,2024
sp500,15min,full_history,causal_euclidean,2024-04,-202.00354816967862,41,2024
sp500,15min,full_history,causal_euclidean,2024-05,-180.25339470119528,32,2024
sp500,15min,full_history,causal_euclidean,2024-06,-137.45434726660753,40,2024
sp500,15min,full_history,causal_euclidean,2024-07,18.466940711308325,50,2024
sp500,15min,full_history,causal_euclidean,2024-08,-17.847383927093443,43,2024
sp500,15min,full_history,causal_euclidean,2024-09,-133.00362369006734,35,2024
sp500,15min,full_history,causal_euclidean,2024-10,4.880527603977999,45,2024
sp500,15min,full_history,causal_euclidean,2024-11,29.11297635167932,37,2024
sp500,15min,full_history,causal_euclidean,2024-12,320.9495074227371,49,2024
sp500,15min,full_history,causal_euclidean,2025-01,-66.46668507778061,45,2025
sp500,15min,full_history,causal_euclidean,2025-02,-104.31816441695453,32,2025
sp500,15min,full_history,causal_euclidean,2025-03,-32.92157368556935,49,2025
sp500,15min,full_history,causal_euclidean,2025-04,-94.31622885626618,35,2025
sp500,15min,full_history,causal_euclidean,2025-05,-210.7430081145272,36,2025
sp500,15min,full_history,causal_euclidean,2025-06,0.1570405191188673,39,2025
sp500,15min,full_history,causal_euclidean,2025-07,12.350387990328857,49,2025
sp500,15min,full_history,causal_euclidean,2025-08,-28.602647394050027,37,2025
sp500,15min,full_history,causal_euclidean,2025-09,-20.41008477468653,43,2025
sp500,15min,full_history,causal_euclidean,2025-10,54.910648791659455,48,2025
sp500,15min,full_history,causal_euclidean,2025-11,214.39673776207172,47,2025
sp500,15min,full_history,causal_euclidean,2025-12,-30.49101577307182,42,2025
sp500,15min,full_history,causal_euclidean,2026-01,49.46258571430966,50,2026
sp500,15min,full_history,causal_euclidean,2026-02,-153.6407338527475,50,2026
sp500,15min,full_history,causal_euclidean,2026-03,-88.8923454886458,59,2026
sp500,15min,full_history,causal_euclidean,2026-04,19.067676519809496,42,2026
sp500,15min,full_history,causal_euclidean,2026-05,-30.056599973551997,38,2026
sp500,15min,full_history,causal_euclidean,2026-06,-259.3380238135272,47,2026
sp500,15min,full_history,causal_euclidean,2026-07,59.66157476753977,53,2026
sp500,15min,full_history,causal_euclidean,2026-08,10.124356449912835,50,2026
sp500,15min,full_history,simple_momentum4,2024-01,-49.60271225962792,67,2024
sp500,15min,full_history,simple_momentum4,2024-02,-2.752506696923313,52,2024
sp500,15min,full_history,simple_momentum4,2024-03,-119.504067459713,57,2024
sp500,15min,full_history,simple_momentum4,2024-04,64.20359033045114,59,2024
sp500,15min,full_history,simple_momentum4,2024-05,61.9969486712398,55,2024
sp500,15min,full_history,simple_momentum4,2024-06,-439.8872160717056,64,2024
sp500,15min,full_history,simple_momentum4,2024-07,7.2277013296876635,51,2024
sp500,15min,full_history,simple_momentum4,2024-08,8.71106412085054,63,2024
sp500,15min,full_history,simple_momentum4,2024-09,-72.32496691686633,69,2024
sp500,15min,full_history,simple_momentum4,2024-10,130.81655042456674,58,2024
sp500,15min,full_history,simple_momentum4,2024-11,229.42056800737694,57,2024
sp500,15min,full_history,simple_momentum4,2024-12,21.12123468580014,46,2024
sp500,15min,full_history,simple_momentum4,2025-01,-341.94665994715666,60,2025
sp500,15min,full_history,simple_momentum4,2025-02,-58.673599801879796,65,2025
sp500,15min,full_history,simple_momentum4,2025-03,181.76533999073285,54,2025
sp500,15min,full_history,simple_momentum4,2025-04,-976.3422011459951,51,2025
sp500,15min,full_history,simple_momentum4,2025-05,78.4528923819623,55,2025
sp500,15min,full_history,simple_momentum4,2025-06,-46.883871629987055,60,2025
sp500,15min,full_history,simple_momentum4,2025-07,-270.4119390566961,63,2025
sp500,15min,full_history,simple_momentum4,2025-08,-94.3513456789218,60,2025
sp500,15min,full_history,simple_momentum4,2025-09,-168.73937927772025,64,2025
sp500,15min,full_history,simple_momentum4,2025-10,20.841568566447222,69,2025
sp500,15min,full_history,simple_momentum4,2025-11,129.31519090077074,49,2025
sp500,15min,full_history,simple_momentum4,2025-12,-27.595632481867995,63,2025
sp500,15min,full_history,simple_momentum4,2026-01,-53.741889645690335,54,2026
sp500,15min,full_history,simple_momentum4,2026-02,-38.45769720979784,60,2026
sp500,15min,full_history,simple_momentum4,2026-03,-195.88834721470425,56,2026
sp500,15min,full_history,simple_momentum4,2026-04,-19.98501971241418,66,2026
sp500,15min,full_history,simple_momentum4,2026-05,-298.7147639900491,63,2026
sp500,15min,full_history,simple_momentum4,2026-06,-119.14865879576485,70,2026
sp500,15min,full_history,simple_momentum4,2026-07,15.556808436044223,74,2026
sp500,15min,full_history,simple_momentum4,2026-08,-143.01909352205024,50,2026
sp500,15min,full_history,filter_only_kernel,2024-01,-57.81478419183416,63,2024
sp500,15min,full_history,filter_only_kernel,2024-02,-4.094363827191752,53,2024
sp500,15min,full_history,filter_only_kernel,2024-03,-68.39314923146341,58,2024
sp500,15min,full_history,filter_only_kernel,2024-04,76.64752348442036,63,2024
sp500,15min,full_history,filter_only_kernel,2024-05,-23.981440791671048,57,2024
sp500,15min,full_history,filter_only_kernel,2024-06,-398.55267633626806,59,2024
sp500,15min,full_history,filter_only_kernel,2024-07,-15.439940763146813,51,2024
sp500,15min,full_history,filter_only_kernel,2024-08,136.96393562957465,62,2024
sp500,15min,full_history,filter_only_kernel,2024-09,63.03070524521854,72,2024
sp500,15min,full_history,filter_only_kernel,2024-10,156.7858390370935,57,2024
sp500,15min,full_history,filter_only_kernel,2024-11,131.9656982072203,57,2024
sp500,15min,full_history,filter_only_kernel,2024-12,13.811363177418352,47,2024
sp500,15min,full_history,filter_only_kernel,2025-01,-459.68784989714857,60,2025
sp500,15min,full_history,filter_only_kernel,2025-02,32.48663907716613,65,2025
sp500,15min,full_history,filter_only_kernel,2025-03,232.56544622094032,50,2025
sp500,15min,full_history,filter_only_kernel,2025-04,-1039.8659852441824,56,2025
sp500,15min,full_history,filter_only_kernel,2025-05,35.84851522470691,58,2025
sp500,15min,full_history,filter_only_kernel,2025-06,-30.294135941311012,60,2025
sp500,15min,full_history,filter_only_kernel,2025-07,-264.10967551235285,61,2025
sp500,15min,full_history,filter_only_kernel,2025-08,-98.42466036514058,57,2025
sp500,15min,full_history,filter_only_kernel,2025-09,-230.41893797289742,66,2025
sp500,15min,full_history,filter_only_kernel,2025-10,46.05215788532481,66,2025
sp500,15min,full_history,filter_only_kernel,2025-11,96.07327812323486,50,2025
sp500,15min,full_history,filter_only_kernel,2025-12,27.924248139082163,63,2025
sp500,15min,full_history,filter_only_kernel,2026-01,45.58882521142797,56,2026
sp500,15min,full_history,filter_only_kernel,2026-02,56.96494385650337,59,2026
sp500,15min,full_history,filter_only_kernel,2026-03,-187.25525043413134,58,2026
sp500,15min,full_history,filter_only_kernel,2026-04,-50.664918218084225,64,2026
sp500,15min,full_history,filter_only_kernel,2026-05,-334.4559963010243,67,2026
sp500,15min,full_history,filter_only_kernel,2026-06,-1.629487708392646,70,2026
sp500,15min,full_history,filter_only_kernel,2026-07,2.4916851599828735,75,2026
sp500,15min,full_history,filter_only_kernel,2026-08,-85.88978848404574,48,2026
sp500,15min,recent_2000_scored_bars,official_original_recent,2026-07,-62.75718175178181,3,2026
sp500,15min,recent_2000_scored_bars,official_original_recent,2026-08,-135.9312338492418,48,2026
sp500,30min,full_history,causal_lorentzian,2024-01,-175.30488397545014,30,2024
sp500,30min,full_history,causal_lorentzian,2024-02,36.790952002089426,18,2024
sp500,30min,full_history,causal_lorentzian,2024-03,23.31745878889678,18,2024
sp500,30min,full_history,causal_lorentzian,2024-04,-38.819579686370915,19,2024
sp500,30min,full_history,causal_lorentzian,2024-05,-21.782991096858638,21,2024
sp500,30min,full_history,causal_lorentzian,2024-06,54.182889579305325,21,2024
sp500,30min,full_history,causal_lorentzian,2024-07,-179.70317576527222,35,2024
sp500,30min,full_history,causal_lorentzian,2024-08,129.77284652548425,27,2024
sp500,30min,full_history,causal_lorentzian,2024-09,-91.8777172638961,17,2024
sp500,30min,full_history,causal_lorentzian,2024-10,20.59701397878966,22,2024
sp500,30min,full_history,causal_lorentzian,2024-11,8.122834906340492,17,2024
sp500,30min,full_history,causal_lorentzian,2024-12,-72.41518901383199,16,2024
sp500,30min,full_history,causal_lorentzian,2025-01,213.16197732878277,16,2025
sp500,30min,full_history,causal_lorentzian,2025-02,-20.63785513890261,18,2025
sp500,30min,full_history,causal_lorentzian,2025-03,-205.01148839203256,32,2025
sp500,30min,full_history,causal_lorentzian,2025-04,420.33850779682774,22,2025
sp500,30min,full_history,causal_lorentzian,2025-05,13.723199198459128,20,2025
sp500,30min,full_history,causal_lorentzian,2025-06,-13.45138874883052,27,2025
sp500,30min,full_history,causal_lorentzian,2025-07,37.50697928086151,20,2025
sp500,30min,full_history,causal_lorentzian,2025-08,-137.42168408365853,25,2025
sp500,30min,full_history,causal_lorentzian,2025-09,-10.199089598251852,20,2025
sp500,30min,full_history,causal_lorentzian,2025-10,0.2751275014727099,24,2025
sp500,30min,full_history,causal_lorentzian,2025-11,262.25881127879603,17,2025
sp500,30min,full_history,causal_lorentzian,2025-12,-60.19514337638558,25,2025
sp500,30min,full_history,causal_lorentzian,2026-01,-168.86927330129802,22,2026
sp500,30min,full_history,causal_lorentzian,2026-02,155.0833283197149,16,2026
sp500,30min,full_history,causal_lorentzian,2026-03,-66.98997188138644,22,2026
sp500,30min,full_history,causal_lorentzian,2026-04,81.37354285826314,23,2026
sp500,30min,full_history,causal_lorentzian,2026-05,-21.48526394246056,23,2026
sp500,30min,full_history,causal_lorentzian,2026-06,-61.25933590697933,14,2026
sp500,30min,full_history,causal_lorentzian,2026-07,-65.30197922307167,23,2026
sp500,30min,full_history,causal_lorentzian,2026-08,100.83004961119983,19,2026
sp500,30min,full_history,causal_euclidean,2024-01,-207.43292431032953,28,2024
sp500,30min,full_history,causal_euclidean,2024-02,72.16404662152755,18,2024
sp500,30min,full_history,causal_euclidean,2024-03,54.75716325089992,19,2024
sp500,30min,full_history,causal_euclidean,2024-04,-34.9421470853004,24,2024
sp500,30min,full_history,causal_euclidean,2024-05,-98.14273476236613,21,2024
sp500,30min,full_history,causal_euclidean,2024-06,96.11381362296663,22,2024
sp500,30min,full_history,causal_euclidean,2024-07,-44.878492453836294,33,2024
sp500,30min,full_history,causal_euclidean,2024-08,115.4518563666195,23,2024
sp500,30min,full_history,causal_euclidean,2024-09,-157.3397605930038,18,2024
sp500,30min,full_history,causal_euclidean,2024-10,-52.26311447872085,21,2024
sp500,30min,full_history,causal_euclidean,2024-11,165.09539655283533,19,2024
sp500,30min,full_history,causal_euclidean,2024-12,-197.06136714433472,20,2024
sp500,30min,full_history,causal_euclidean,2025-01,282.79368677973264,18,2025
sp500,30min,full_history,causal_euclidean,2025-02,-286.77855642228053,19,2025
sp500,30min,full_history,causal_euclidean,2025-03,37.52198516800456,32,2025
sp500,30min,full_history,causal_euclidean,2025-04,300.19785174109563,22,2025
sp500,30min,full_history,causal_euclidean,2025-05,-180.11369847740372,24,2025
sp500,30min,full_history,causal_euclidean,2025-06,-80.59761260028519,24,2025
sp500,30min,full_history,causal_euclidean,2025-07,19.002396969955353,21,2025
sp500,30min,full_history,causal_euclidean,2025-08,6.3148224705665115,26,2025
sp500,30min,full_history,causal_euclidean,2025-09,3.298295618021788,24,2025
sp500,30min,full_history,causal_euclidean,2025-10,150.44107151877776,27,2025
sp500,30min,full_history,causal_euclidean,2025-11,154.55183156654024,16,2025
sp500,30min,full_history,causal_euclidean,2025-12,-89.65471018757933,19,2025
sp500,30min,full_history,causal_euclidean,2026-01,-91.33603925763802,22,2026
sp500,30min,full_history,causal_euclidean,2026-02,67.84527142755765,15,2026
sp500,30min,full_history,causal_euclidean,2026-03,-116.855672721941,32,2026
sp500,30min,full_history,causal_euclidean,2026-04,39.488083759900654,22,2026
sp500,30min,full_history,causal_euclidean,2026-05,-23.27294533118906,21,2026
sp500,30min,full_history,causal_euclidean,2026-06,-306.1512643249934,14,2026
sp500,30min,full_history,causal_euclidean,2026-07,12.797494221487465,17,2026
sp500,30min,full_history,causal_euclidean,2026-08,-46.726341116840274,17,2026
sp500,30min,full_history,simple_momentum4,2024-01,-66.06602881496059,34,2024
sp500,30min,full_history,simple_momentum4,2024-02,-24.851489632322306,22,2024
sp500,30min,full_history,simple_momentum4,2024-03,3.1493227466342733,30,2024
sp500,30min,full_history,simple_momentum4,2024-04,5.902093018850152,26,2024
sp500,30min,full_history,simple_momentum4,2024-05,98.8641170867312,27,2024
sp500,30min,full_history,simple_momentum4,2024-06,-130.22929972458326,32,2024
sp500,30min,full_history,simple_momentum4,2024-07,243.9376759925138,29,2024
sp500,30min,full_history,simple_momentum4,2024-08,118.65944388579094,36,2024
sp500,30min,full_history,simple_momentum4,2024-09,-519.6364302663085,38,2024
sp500,30min,full_history,simple_momentum4,2024-10,-117.1586199493513,31,2024
sp500,30min,full_history,simple_momentum4,2024-11,24.752569172097605,30,2024
sp500,30min,full_history,simple_momentum4,2024-12,545.2763503881878,29,2024
sp500,30min,full_history,simple_momentum4,2025-01,203.8316739184316,25,2025
sp500,30min,full_history,simple_momentum4,2025-02,-509.4396372791288,28,2025
sp500,30min,full_history,simple_momentum4,2025-03,-66.0197943069068,26,2025
sp500,30min,full_history,simple_momentum4,2025-04,6.010896313698765,29,2025
sp500,30min,full_history,simple_momentum4,2025-05,55.443604540184076,36,2025
sp500,30min,full_history,simple_momentum4,2025-06,-88.61090973661324,37,2025
sp500,30min,full_history,simple_momentum4,2025-07,-40.791121005513794,32,2025
sp500,30min,full_history,simple_momentum4,2025-08,16.35587556911795,29,2025
sp500,30min,full_history,simple_momentum4,2025-09,1.974204712551598,31,2025
sp500,30min,full_history,simple_momentum4,2025-10,185.86448927488522,32,2025
sp500,30min,full_history,simple_momentum4,2025-11,293.8139564337653,24,2025
sp500,30min,full_history,simple_momentum4,2025-12,64.54161231112064,32,2025
sp500,30min,full_history,simple_momentum4,2026-01,-156.3878361325908,32,2026
sp500,30min,full_history,simple_momentum4,2026-02,-117.2529910344555,24,2026
sp500,30min,full_history,simple_momentum4,2026-03,46.60932984623658,31,2026
sp500,30min,full_history,simple_momentum4,2026-04,169.98389457234026,29,2026
sp500,30min,full_history,simple_momentum4,2026-05,48.391904396937115,26,2026
sp500,30min,full_history,simple_momentum4,2026-06,-274.57255059757904,37,2026
sp500,30min,full_history,simple_momentum4,2026-07,13.334737924451915,38,2026
sp500,30min,full_history,simple_momentum4,2026-08,15.402801838844486,27,2026
sp500,30min,full_history,filter_only_kernel,2024-01,-81.3777747374955,36,2024
sp500,30min,full_history,filter_only_kernel,2024-02,-0.3329935291566972,23,2024
sp500,30min,full_history,filter_only_kernel,2024-03,-9.296053142442574,30,2024
sp500,30min,full_history,filter_only_kernel,2024-04,31.357432408341687,25,2024
sp500,30min,full_history,filter_only_kernel,2024-05,87.36271527502606,29,2024
sp500,30min,full_history,filter_only_kernel,2024-06,-132.1975646714413,33,2024
sp500,30min,full_history,filter_only_kernel,2024-07,92.5055005963562,31,2024
sp500,30min,full_history,filter_only_kernel,2024-08,79.53177938469335,38,2024
sp500,30min,full_history,filter_only_kernel,2024-09,-411.24085896259095,36,2024
sp500,30min,full_history,filter_only_kernel,2024-10,-21.928571021311576,31,2024
sp500,30min,full_history,filter_only_kernel,2024-11,49.22133129182466,31,2024
sp500,30min,full_history,filter_only_kernel,2024-12,474.56957506877995,29,2024
sp500,30min,full_history,filter_only_kernel,2025-01,286.1575971847774,26,2025
sp500,30min,full_history,filter_only_kernel,2025-02,-509.4396372791288,28,2025
sp500,30min,full_history,filter_only_kernel,2025-03,-221.46571416785946,27,2025
sp500,30min,full_history,filter_only_kernel,2025-04,13.367513024535256,28,2025
sp500,30min,full_history,filter_only_kernel,2025-05,29.853040240884823,36,2025
sp500,30min,full_history,filter_only_kernel,2025-06,29.051491617540123,38,2025
sp500,30min,full_history,filter_only_kernel,2025-07,-40.053675553416575,31,2025
sp500,30min,full_history,filter_only_kernel,2025-08,16.35587556911795,29,2025
sp500,30min,full_history,filter_only_kernel,2025-09,0.6778782028427428,30,2025
sp500,30min,full_history,filter_only_kernel,2025-10,74.99575764242829,33,2025
sp500,30min,full_history,filter_only_kernel,2025-11,211.90609932795266,21,2025
sp500,30min,full_history,filter_only_kernel,2025-12,106.72330508645484,33,2025
sp500,30min,full_history,filter_only_kernel,2026-01,-162.02582024751115,30,2026
sp500,30min,full_history,filter_only_kernel,2026-02,-121.9039920863647,23,2026
sp500,30min,full_history,filter_only_kernel,2026-03,69.47497182767913,30,2026
sp500,30min,full_history,filter_only_kernel,2026-04,162.16546062835147,28,2026
sp500,30min,full_history,filter_only_kernel,2026-05,34.3212366255005,26,2026
sp500,30min,full_history,filter_only_kernel,2026-06,-345.5198862720741,38,2026
sp500,30min,full_history,filter_only_kernel,2026-07,-164.22975187409793,40,2026
sp500,30min,full_history,filter_only_kernel,2026-08,15.402801838844486,27,2026
sp500,30min,recent_2000_scored_bars,official_original_recent,2026-07,71.08770721829472,35,2026
sp500,30min,recent_2000_scored_bars,official_original_recent,2026-08,12.60733613422553,27,2026
sp500,1h,full_history,causal_lorentzian,2024-01,-289.35574271712545,16,2024
sp500,1h,full_history,causal_lorentzian,2024-02,-23.025743146452918,14,2024
sp500,1h,full_history,causal_lorentzian,2024-03,-22.3732845437775,13,2024
sp500,1h,full_history,causal_lorentzian,2024-04,-22.150148265182523,6,2024
sp500,1h,full_history,causal_lorentzian,2024-05,-195.54007286378948,10,2024
sp500,1h,full_history,causal_lorentzian,2024-06,-84.74134024579593,4,2024
sp500,1h,full_history,causal_lorentzian,2024-07,11.033781986064845,16,2024
sp500,1h,full_history,causal_lorentzian,2024-08,-32.762011014739144,17,2024
sp500,1h,full_history,causal_lorentzian,2024-09,152.7555247896876,8,2024
sp500,1h,full_history,causal_lorentzian,2024-10,1.744507353583673,9,2024
sp500,1h,full_history,causal_lorentzian,2024-11,80.48645507931963,8,2024
sp500,1h,full_history,causal_lorentzian,2024-12,-6.013632377075652,8,2024
sp500,1h,full_history,causal_lorentzian,2025-01,328.9213606280762,13,2025
sp500,1h,full_history,causal_lorentzian,2025-02,60.58226322100037,12,2025
sp500,1h,full_history,causal_lorentzian,2025-03,149.6835349622815,18,2025
sp500,1h,full_history,causal_lorentzian,2025-04,511.1334223529567,13,2025
sp500,1h,full_history,causal_lorentzian,2025-05,59.91973372865512,7,2025
sp500,1h,full_history,causal_lorentzian,2025-06,-101.79346327590792,8,2025
sp500,1h,full_history,causal_lorentzian,2025-07,148.063735269988,12,2025
sp500,1h,full_history,causal_lorentzian,2025-08,84.98745331042845,9,2025
sp500,1h,full_history,causal_lorentzian,2025-09,59.30193022503174,6,2025
sp500,1h,full_history,causal_lorentzian,2025-10,-317.2489834063079,16,2025
sp500,1h,full_history,causal_lorentzian,2025-11,-71.5251030542325,6,2025
sp500,1h,full_history,causal_lorentzian,2025-12,-21.907808940774782,9,2025
sp500,1h,full_history,causal_lorentzian,2026-01,-209.4888026064724,13,2026
sp500,1h,full_history,causal_lorentzian,2026-02,-112.62643216488189,8,2026
sp500,1h,full_history,causal_lorentzian,2026-03,131.6613126131339,14,2026
sp500,1h,full_history,causal_lorentzian,2026-04,89.56515372808596,9,2026
sp500,1h,full_history,causal_lorentzian,2026-05,-63.798660036671976,8,2026
sp500,1h,full_history,causal_lorentzian,2026-06,-441.5599260355828,16,2026
sp500,1h,full_history,causal_lorentzian,2026-07,-82.02606153508566,10,2026
sp500,1h,full_history,causal_lorentzian,2026-08,-8.084483849345634,6,2026
sp500,1h,full_history,causal_euclidean,2024-01,-165.2477695756471,13,2024
sp500,1h,full_history,causal_euclidean,2024-02,-44.626331059348125,12,2024
sp500,1h,full_history,causal_euclidean,2024-03,-38.27950208914653,13,2024
sp500,1h,full_history,causal_euclidean,2024-04,-130.37869106687293,9,2024
sp500,1h,full_history,causal_euclidean,2024-05,-297.23391689959703,11,2024
sp500,1h,full_history,causal_euclidean,2024-06,35.113657442304195,3,2024
sp500,1h,full_history,causal_euclidean,2024-07,35.80619364610675,9,2024
sp500,1h,full_history,causal_euclidean,2024-08,129.15254196541485,15,2024
sp500,1h,full_history,causal_euclidean,2024-09,86.26293905671685,5,2024
sp500,1h,full_history,causal_euclidean,2024-10,85.37828414981148,8,2024
sp500,1h,full_history,causal_euclidean,2024-11,101.82282711818593,10,2024
sp500,1h,full_history,causal_euclidean,2024-12,179.706329316569,14,2024
sp500,1h,full_history,causal_euclidean,2025-01,47.22831473236423,10,2025
sp500,1h,full_history,causal_euclidean,2025-02,-65.1461673116769,9,2025
sp500,1h,full_history,causal_euclidean,2025-03,238.46785672340673,15,2025
sp500,1h,full_history,causal_euclidean,2025-04,508.5867422236366,15,2025
sp500,1h,full_history,causal_euclidean,2025-05,15.504023440479628,8,2025
sp500,1h,full_history,causal_euclidean,2025-06,-195.77395238136842,12,2025
sp500,1h,full_history,causal_euclidean,2025-07,107.51337947058799,12,2025
sp500,1h,full_history,causal_euclidean,2025-08,22.266505201760566,11,2025
sp500,1h,full_history,causal_euclidean,2025-09,-9.742669502404663,7,2025
sp500,1h,full_history,causal_euclidean,2025-10,3.336291880209112,12,2025
sp500,1h,full_history,causal_euclidean,2025-11,90.42759483158366,9,2025
sp500,1h,full_history,causal_euclidean,2025-12,2.7542676406524365,10,2025
sp500,1h,full_history,causal_euclidean,2026-01,-111.94192931901235,12,2026
sp500,1h,full_history,causal_euclidean,2026-02,-151.20566479603974,7,2026
sp500,1h,full_history,causal_euclidean,2026-03,-15.249407713306002,12,2026
sp500,1h,full_history,causal_euclidean,2026-04,16.406904436455672,8,2026
sp500,1h,full_history,causal_euclidean,2026-05,9.30074324722072,9,2026
sp500,1h,full_history,causal_euclidean,2026-06,-449.4264115960634,17,2026
sp500,1h,full_history,causal_euclidean,2026-07,-49.49682614226829,16,2026
sp500,1h,full_history,causal_euclidean,2026-08,-93.06684347139532,8,2026
sp500,1h,full_history,simple_momentum4,2024-01,15.191037172490068,15,2024
sp500,1h,full_history,simple_momentum4,2024-02,-179.48446252930475,12,2024
sp500,1h,full_history,simple_momentum4,2024-03,-86.05091122981237,18,2024
sp500,1h,full_history,simple_momentum4,2024-04,236.05447200323644,19,2024
sp500,1h,full_history,simple_momentum4,2024-05,-465.0153830927196,22,2024
sp500,1h,full_history,simple_momentum4,2024-06,-65.20950532744901,17,2024
sp500,1h,full_history,simple_momentum4,2024-07,15.606693933269682,15,2024
sp500,1h,full_history,simple_momentum4,2024-08,-261.5312403251671,16,2024
sp500,1h,full_history,simple_momentum4,2024-09,-65.65590519870045,21,2024
sp500,1h,full_history,simple_momentum4,2024-10,14.646610560801392,18,2024
sp500,1h,full_history,simple_momentum4,2024-11,-13.354372326533118,17,2024
sp500,1h,full_history,simple_momentum4,2024-12,108.70329810151905,17,2024
sp500,1h,full_history,simple_momentum4,2025-01,385.0375136810736,15,2025
sp500,1h,full_history,simple_momentum4,2025-02,-120.42897299247363,10,2025
sp500,1h,full_history,simple_momentum4,2025-03,181.44941380146156,17,2025
sp500,1h,full_history,simple_momentum4,2025-04,158.2042256707486,13,2025
sp500,1h,full_history,simple_momentum4,2025-05,84.69381380235086,13,2025
sp500,1h,full_history,simple_momentum4,2025-06,-66.94010478016419,20,2025
sp500,1h,full_history,simple_momentum4,2025-07,60.80102274422765,16,2025
sp500,1h,full_history,simple_momentum4,2025-08,175.96366718938918,12,2025
sp500,1h,full_history,simple_momentum4,2025-09,-14.931371133369549,15,2025
sp500,1h,full_history,simple_momentum4,2025-10,-112.86133420410174,18,2025
sp500,1h,full_history,simple_momentum4,2025-11,183.26107136330424,12,2025
sp500,1h,full_history,simple_momentum4,2025-12,-98.12966006743639,17,2025
sp500,1h,full_history,simple_momentum4,2026-01,-45.39035209636121,18,2026
sp500,1h,full_history,simple_momentum4,2026-02,84.83278661223675,16,2026
sp500,1h,full_history,simple_momentum4,2026-03,-66.62094467182106,13,2026
sp500,1h,full_history,simple_momentum4,2026-04,-66.75469307725128,17,2026
sp500,1h,full_history,simple_momentum4,2026-05,-69.92227746262913,17,2026
sp500,1h,full_history,simple_momentum4,2026-06,-541.8706861118801,17,2026
sp500,1h,full_history,simple_momentum4,2026-07,-444.32738649732954,25,2026
sp500,1h,full_history,simple_momentum4,2026-08,48.324427233840616,11,2026
sp500,1h,full_history,filter_only_kernel,2024-01,19.575938775720644,16,2024
sp500,1h,full_history,filter_only_kernel,2024-02,-171.38496469816985,11,2024
sp500,1h,full_history,filter_only_kernel,2024-03,-71.44338584193508,18,2024
sp500,1h,full_history,filter_only_kernel,2024-04,236.05447200323644,19,2024
sp500,1h,full_history,filter_only_kernel,2024-05,-465.0153830927196,22,2024
sp500,1h,full_history,filter_only_kernel,2024-06,-26.418351018198315,18,2024
sp500,1h,full_history,filter_only_kernel,2024-07,15.606693933269682,15,2024
sp500,1h,full_history,filter_only_kernel,2024-08,-324.18790552915436,15,2024
sp500,1h,full_history,filter_only_kernel,2024-09,-96.90101739956643,20,2024
sp500,1h,full_history,filter_only_kernel,2024-10,14.646610560801392,18,2024
sp500,1h,full_history,filter_only_kernel,2024-11,-13.354372326533118,17,2024
sp500,1h,full_history,filter_only_kernel,2024-12,108.70329810151905,17,2024
sp500,1h,full_history,filter_only_kernel,2025-01,434.57210080545605,18,2025
sp500,1h,full_history,filter_only_kernel,2025-02,-120.42897299247363,10,2025
sp500,1h,full_history,filter_only_kernel,2025-03,252.33849439468162,17,2025
sp500,1h,full_history,filter_only_kernel,2025-04,368.0960967350427,14,2025
sp500,1h,full_history,filter_only_kernel,2025-05,84.69381380235086,13,2025
sp500,1h,full_history,filter_only_kernel,2025-06,-66.94010478016419,20,2025
sp500,1h,full_history,filter_only_kernel,2025-07,60.80102274422765,16,2025
sp500,1h,full_history,filter_only_kernel,2025-08,175.96366718938918,12,2025
sp500,1h,full_history,filter_only_kernel,2025-09,-35.153163296651805,15,2025
sp500,1h,full_history,filter_only_kernel,2025-10,-115.86801655562888,19,2025
sp500,1h,full_history,filter_only_kernel,2025-11,204.2389017789373,11,2025
sp500,1h,full_history,filter_only_kernel,2025-12,-121.76867461297682,15,2025
sp500,1h,full_history,filter_only_kernel,2026-01,-58.85255785357795,19,2026
sp500,1h,full_history,filter_only_kernel,2026-02,65.72824402557859,15,2026
sp500,1h,full_history,filter_only_kernel,2026-03,-133.8183681350699,15,2026
sp500,1h,full_history,filter_only_kernel,2026-04,-80.71369876202681,16,2026
sp500,1h,full_history,filter_only_kernel,2026-05,-94.77237952080229,16,2026
sp500,1h,full_history,filter_only_kernel,2026-06,-649.38875801266,18,2026
sp500,1h,full_history,filter_only_kernel,2026-07,-479.8680593500968,26,2026
sp500,1h,full_history,filter_only_kernel,2026-08,22.53771706512888,11,2026
sp500,1h,recent_2000_scored_bars,official_original_recent,2026-04,0.0,0,2026
sp500,1h,recent_2000_scored_bars,official_original_recent,2026-05,-78.1812653838997,15,2026
sp500,1h,recent_2000_scored_bars,official_original_recent,2026-06,-474.00526451221094,17,2026
sp500,1h,recent_2000_scored_bars,official_original_recent,2026-07,-497.2321701270944,26,2026
sp500,1h,recent_2000_scored_bars,official_original_recent,2026-08,44.49865204979013,11,2026
xauusd,15min,full_history,causal_lorentzian,2024-01,-18.322839274956188,49,2024
xauusd,15min,full_history,causal_lorentzian,2024-02,97.47662895264077,37,2024
xauusd,15min,full_history,causal_lorentzian,2024-03,211.06285653920523,41,2024
xauusd,15min,full_history,causal_lorentzian,2024-04,284.0796456865857,45,2024
xauusd,15min,full_history,causal_lorentzian,2024-05,-102.90710190052414,49,2024
xauusd,15min,full_history,causal_lorentzian,2024-06,-238.99701612720455,51,2024
xauusd,15min,full_history,causal_lorentzian,2024-07,-202.5844302920875,55,2024
xauusd,15min,full_history,causal_lorentzian,2024-08,-236.59126441315965,43,2024
xauusd,15min,full_history,causal_lorentzian,2024-09,-437.95719207520017,56,2024
xauusd,15min,full_history,causal_lorentzian,2024-10,28.304703298389903,51,2024
xauusd,15min,full_history,causal_lorentzian,2024-11,-5.339083588353674,48,2024
xauusd,15min,full_history,causal_lorentzian,2024-12,-50.6558040312427,40,2024
xauusd,15min,full_history,causal_lorentzian,2025-01,-98.44687736123306,51,2025
xauusd,15min,full_history,causal_lorentzian,2025-02,-47.396757324216125,56,2025
xauusd,15min,full_history,causal_lorentzian,2025-03,-117.0282459693705,42,2025
xauusd,15min,full_history,causal_lorentzian,2025-04,-80.33482499277325,43,2025
xauusd,15min,full_history,causal_lorentzian,2025-05,110.75569893485479,55,2025
xauusd,15min,full_history,causal_lorentzian,2025-06,-14.057947033477955,56,2025
xauusd,15min,full_history,causal_lorentzian,2025-07,-63.65297547977481,41,2025
xauusd,15min,full_history,causal_lorentzian,2025-08,6.190121296014166,34,2025
xauusd,15min,full_history,causal_lorentzian,2025-09,-38.87367536766696,43,2025
xauusd,15min,full_history,causal_lorentzian,2025-10,392.3184711335667,57,2025
xauusd,15min,full_history,causal_lorentzian,2025-11,-143.95645381496817,46,2025
xauusd,15min,full_history,causal_lorentzian,2025-12,99.27005609128662,51,2025
xauusd,15min,full_history,causal_lorentzian,2026-01,261.48007737206814,51,2026
xauusd,15min,full_history,causal_lorentzian,2026-02,5.1027009150352,34,2026
xauusd,15min,full_history,causal_lorentzian,2026-03,581.6925015689347,53,2026
xauusd,15min,full_history,causal_lorentzian,2026-04,-118.75014782565432,39,2026
xauusd,15min,full_history,causal_lorentzian,2026-05,-62.50586274687055,47,2026
xauusd,15min,full_history,causal_lorentzian,2026-06,-304.52675329587254,53,2026
xauusd,15min,full_history,causal_lorentzian,2026-07,72.6214339649606,49,2026
xauusd,15min,full_history,causal_lorentzian,2026-08,-110.88950716310414,54,2026
xauusd,15min,full_history,causal_euclidean,2024-01,85.87512692230962,52,2024
xauusd,15min,full_history,causal_euclidean,2024-02,160.69850464353078,39,2024
xauusd,15min,full_history,causal_euclidean,2024-03,87.31217456477526,39,2024
xauusd,15min,full_history,causal_euclidean,2024-04,64.78904648421542,50,2024
xauusd,15min,full_history,causal_euclidean,2024-05,-292.12480289989315,49,2024
xauusd,15min,full_history,causal_euclidean,2024-06,-195.2154023445891,44,2024
xauusd,15min,full_history,causal_euclidean,2024-07,-108.16921676388708,55,2024
xauusd,15min,full_history,causal_euclidean,2024-08,-201.92364632904764,43,2024
xauusd,15min,full_history,causal_euclidean,2024-09,-363.92354767954646,54,2024
xauusd,15min,full_history,causal_euclidean,2024-10,-8.502450960334514,53,2024
xauusd,15min,full_history,causal_euclidean,2024-11,186.40812246539457,47,2024
xauusd,15min,full_history,causal_euclidean,2024-12,-5.553359851828677,37,2024
xauusd,15min,full_history,causal_euclidean,2025-01,-103.3944638410036,50,2025
xauusd,15min,full_history,causal_euclidean,2025-02,102.46021895523687,51,2025
xauusd,15min,full_history,causal_euclidean,2025-03,20.418015097771296,46,2025
xauusd,15min,full_history,causal_euclidean,2025-04,56.12865604754054,45,2025
xauusd,15min,full_history,causal_euclidean,2025-05,11.157836020063087,54,2025
xauusd,15min,full_history,causal_euclidean,2025-06,-105.53073347767648,62,2025
xauusd,15min,full_history,causal_euclidean,2025-07,-28.739413485359947,37,2025
xauusd,15min,full_history,causal_euclidean,2025-08,-102.47281563660613,36,2025
xauusd,15min,full_history,causal_euclidean,2025-09,-71.05409869328948,48,2025
xauusd,15min,full_history,causal_euclidean,2025-10,43.82281023206663,57,2025
xauusd,15min,full_history,causal_euclidean,2025-11,-316.4154444940687,52,2025
xauusd,15min,full_history,causal_euclidean,2025-12,2.476978487331479,43,2025
xauusd,15min,full_history,causal_euclidean,2026-01,-3.5670039432415592,43,2026
xauusd,15min,full_history,causal_euclidean,2026-02,-165.4198672185981,34,2026
xauusd,15min,full_history,causal_euclidean,2026-03,124.01390986571899,53,2026
xauusd,15min,full_history,causal_euclidean,2026-04,-118.52896257801092,43,2026
xauusd,15min,full_history,causal_euclidean,2026-05,71.00536155915373,62,2026
xauusd,15min,full_history,causal_euclidean,2026-06,-376.2021698926327,49,2026
xauusd,15min,full_history,causal_euclidean,2026-07,127.64026561983346,44,2026
xauusd,15min,full_history,causal_euclidean,2026-08,-230.40469589238504,54,2026
xauusd,15min,full_history,simple_momentum4,2024-01,-20.41598136471675,75,2024
xauusd,15min,full_history,simple_momentum4,2024-02,94.81220958650843,59,2024
xauusd,15min,full_history,simple_momentum4,2024-03,-113.19962141632847,60,2024
xauusd,15min,full_history,simple_momentum4,2024-04,122.84289278857652,66,2024
xauusd,15min,full_history,simple_momentum4,2024-05,-97.78884338617578,50,2024
xauusd,15min,full_history,simple_momentum4,2024-06,150.6200694268319,50,2024
xauusd,15min,full_history,simple_momentum4,2024-07,7.21763280833752,73,2024
xauusd,15min,full_history,simple_momentum4,2024-08,9.380460228945868,67,2024
xauusd,15min,full_history,simple_momentum4,2024-09,40.69721810607608,59,2024
xauusd,15min,full_history,simple_momentum4,2024-10,-270.30256398253005,78,2024
xauusd,15min,full_history,simple_momentum4,2024-11,-132.13829612075568,53,2024
xauusd,15min,full_history,simple_momentum4,2024-12,35.271918869017654,67,2024
xauusd,15min,full_history,simple_momentum4,2025-01,-59.15030262833075,62,2025
xauusd,15min,full_history,simple_momentum4,2025-02,-121.86370457332895,63,2025
xauusd,15min,full_history,simple_momentum4,2025-03,-215.83333288277,71,2025
xauusd,15min,full_history,simple_momentum4,2025-04,101.84419162780843,57,2025
xauusd,15min,full_history,simple_momentum4,2025-05,90.14043328846773,54,2025
xauusd,15min,full_history,simple_momentum4,2025-06,129.55918721040968,65,2025
xauusd,15min,full_history,simple_momentum4,2025-07,88.18275033871461,57,2025
xauusd,15min,full_history,simple_momentum4,2025-08,-8.895685388209081,70,2025
xauusd,15min,full_history,simple_momentum4,2025-09,-105.6977335870468,60,2025
xauusd,15min,full_history,simple_momentum4,2025-10,72.36532907097796,63,2025
xauusd,15min,full_history,simple_momentum4,2025-11,219.93333937203886,56,2025
xauusd,15min,full_history,simple_momentum4,2025-12,71.48276644768117,69,2025
xauusd,15min,full_history,simple_momentum4,2026-01,92.87908576853444,62,2026
xauusd,15min,full_history,simple_momentum4,2026-02,-8.23366405087091,62,2026
xauusd,15min,full_history,simple_momentum4,2026-03,139.06821509625203,71,2026
xauusd,15min,full_history,simple_momentum4,2026-04,-144.492543511196,53,2026
xauusd,15min,full_history,simple_momentum4,2026-05,-243.89622957522496,65,2026
xauusd,15min,full_history,simple_momentum4,2026-06,-50.85809165654571,64,2026
xauusd,15min,full_history,simple_momentum4,2026-07,396.41721460540134,63,2026
xauusd,15min,full_history,simple_momentum4,2026-08,-74.33519715435,60,2026
xauusd,15min,full_history,filter_only_kernel,2024-01,-30.34110386233818,71,2024
xauusd,15min,full_history,filter_only_kernel,2024-02,212.26310705948734,59,2024
xauusd,15min,full_history,filter_only_kernel,2024-03,-229.6483220170893,58,2024
xauusd,15min,full_history,filter_only_kernel,2024-04,144.22068174582662,65,2024
xauusd,15min,full_history,filter_only_kernel,2024-05,-95.31155676529957,48,2024
xauusd,15min,full_history,filter_only_kernel,2024-06,164.0552564732787,50,2024
xauusd,15min,full_history,filter_only_kernel,2024-07,-5.20394874527592,69,2024
xauusd,15min,full_history,filter_only_kernel,2024-08,-52.82199269327408,73,2024
xauusd,15min,full_history,filter_only_kernel,2024-09,37.843278275251166,60,2024
xauusd,15min,full_history,filter_only_kernel,2024-10,-258.1307786900983,78,2024
xauusd,15min,full_history,filter_only_kernel,2024-11,-45.08791166756365,54,2024
xauusd,15min,full_history,filter_only_kernel,2024-12,76.61124508247403,65,2024
xauusd,15min,full_history,filter_only_kernel,2025-01,-36.44771783244522,61,2025
xauusd,15min,full_history,filter_only_kernel,2025-02,-181.94422490898447,63,2025
xauusd,15min,full_history,filter_only_kernel,2025-03,-171.30494905345586,74,2025
xauusd,15min,full_history,filter_only_kernel,2025-04,107.34974105335334,55,2025
xauusd,15min,full_history,filter_only_kernel,2025-05,132.5925707876575,54,2025
xauusd,15min,full_history,filter_only_kernel,2025-06,120.14621813420635,65,2025
xauusd,15min,full_history,filter_only_kernel,2025-07,76.02466565038831,57,2025
xauusd,15min,full_history,filter_only_kernel,2025-08,-13.323365414661843,67,2025
xauusd,15min,full_history,filter_only_kernel,2025-09,-131.8986089318735,60,2025
xauusd,15min,full_history,filter_only_kernel,2025-10,59.384313075262014,63,2025
xauusd,15min,full_history,filter_only_kernel,2025-11,235.6354944570395,57,2025
xauusd,15min,full_history,filter_only_kernel,2025-12,27.005733299458118,67,2025
xauusd,15min,full_history,filter_only_kernel,2026-01,98.20927983633702,62,2026
xauusd,15min,full_history,filter_only_kernel,2026-02,-76.74461945273075,63,2026
xauusd,15min,full_history,filter_only_kernel,2026-03,-189.73478091981866,70,2026
xauusd,15min,full_history,filter_only_kernel,2026-04,-19.129346769233177,56,2026
xauusd,15min,full_history,filter_only_kernel,2026-05,-64.59849817924686,59,2026
xauusd,15min,full_history,filter_only_kernel,2026-06,100.4680477430805,58,2026
xauusd,15min,full_history,filter_only_kernel,2026-07,364.7171135521735,63,2026
xauusd,15min,full_history,filter_only_kernel,2026-08,-31.732094636223678,60,2026
xauusd,15min,recent_2000_scored_bars,official_original_recent,2026-07,1.0507416079715597,2,2026
xauusd,15min,recent_2000_scored_bars,official_original_recent,2026-08,-31.732094636223678,60,2026
xauusd,30min,full_history,causal_lorentzian,2024-01,-375.95549620588497,35,2024
xauusd,30min,full_history,causal_lorentzian,2024-02,-250.6561206214248,21,2024
xauusd,30min,full_history,causal_lorentzian,2024-03,-87.81834372447648,22,2024
xauusd,30min,full_history,causal_lorentzian,2024-04,-172.95367726512472,25,2024
xauusd,30min,full_history,causal_lorentzian,2024-05,91.69703019142074,24,2024
xauusd,30min,full_history,causal_lorentzian,2024-06,43.5152226004112,22,2024
xauusd,30min,full_history,causal_lorentzian,2024-07,120.36783877293666,23,2024
xauusd,30min,full_history,causal_lorentzian,2024-08,-197.07644384921016,18,2024
xauusd,30min,full_history,causal_lorentzian,2024-09,-137.53950960312324,28,2024
xauusd,30min,full_history,causal_lorentzian,2024-10,67.98311682324974,24,2024
xauusd,30min,full_history,causal_lorentzian,2024-11,217.55684027959586,25,2024
xauusd,30min,full_history,causal_lorentzian,2024-12,135.5269085343919,21,2024
xauusd,30min,full_history,causal_lorentzian,2025-01,-61.60622645379628,36,2025
xauusd,30min,full_history,causal_lorentzian,2025-02,149.2205460236551,22,2025
xauusd,30min,full_history,causal_lorentzian,2025-03,-61.79612984621469,19,2025
xauusd,30min,full_history,causal_lorentzian,2025-04,305.3787817310902,28,2025
xauusd,30min,full_history,causal_lorentzian,2025-05,9.457771863336692,24,2025
xauusd,30min,full_history,causal_lorentzian,2025-06,-492.7977055229288,29,2025
xauusd,30min,full_history,causal_lorentzian,2025-07,-67.61247849343926,30,2025
xauusd,30min,full_history,causal_lorentzian,2025-08,156.02771246048965,17,2025
xauusd,30min,full_history,causal_lorentzian,2025-09,193.95046577069635,20,2025
xauusd,30min,full_history,causal_lorentzian,2025-10,419.178363153082,21,2025
xauusd,30min,full_history,causal_lorentzian,2025-11,-328.7189620071729,16,2025
xauusd,30min,full_history,causal_lorentzian,2025-12,-567.6355745720234,27,2025
xauusd,30min,full_history,causal_lorentzian,2026-01,125.87667481457494,17,2026
xauusd,30min,full_history,causal_lorentzian,2026-02,-62.78013020973599,14,2026
xauusd,30min,full_history,causal_lorentzian,2026-03,207.98416342457818,21,2026
xauusd,30min,full_history,causal_lorentzian,2026-04,-352.03559040467474,26,2026
xauusd,30min,full_history,causal_lorentzian,2026-05,-34.302861784063595,24,2026
xauusd,30min,full_history,causal_lorentzian,2026-06,446.3873876031444,18,2026
xauusd,30min,full_history,causal_lorentzian,2026-07,243.37702436162823,26,2026
xauusd,30min,full_history,causal_lorentzian,2026-08,-116.77642574325697,31,2026
xauusd,30min,full_history,causal_euclidean,2024-01,-275.47550348544473,33,2024
xauusd,30min,full_history,causal_euclidean,2024-02,-197.94815380563315,29,2024
xauusd,30min,full_history,causal_euclidean,2024-03,-133.19086435982135,23,2024
xauusd,30min,full_history,causal_euclidean,2024-04,1.605297391379679,26,2024
xauusd,30min,full_history,causal_euclidean,2024-05,93.0720017134567,24,2024
xauusd,30min,full_history,causal_euclidean,2024-06,92.50957209709652,20,2024
xauusd,30min,full_history,causal_euclidean,2024-07,127.89676986624178,23,2024
xauusd,30min,full_history,causal_euclidean,2024-08,14.958672609392046,19,2024
xauusd,30min,full_history,causal_euclidean,2024-09,-255.17158040138384,29,2024
xauusd,30min,full_history,causal_euclidean,2024-10,55.274322421677326,27,2024
xauusd,30min,full_history,causal_euclidean,2024-11,-8.085368727963367,22,2024
xauusd,30min,full_history,causal_euclidean,2024-12,243.3093878059159,21,2024
xauusd,30min,full_history,causal_euclidean,2025-01,102.85567039024517,31,2025
xauusd,30min,full_history,causal_euclidean,2025-02,92.29067789561506,18,2025
xauusd,30min,full_history,causal_euclidean,2025-03,-97.99587571388895,22,2025
xauusd,30min,full_history,causal_euclidean,2025-04,194.95071808952315,27,2025
xauusd,30min,full_history,causal_euclidean,2025-05,166.88151052227005,31,2025
xauusd,30min,full_history,causal_euclidean,2025-06,-533.1637066312495,32,2025
xauusd,30min,full_history,causal_euclidean,2025-07,-80.89826907554456,25,2025
xauusd,30min,full_history,causal_euclidean,2025-08,-18.363626982545412,15,2025
xauusd,30min,full_history,causal_euclidean,2025-09,123.9668679545583,30,2025
xauusd,30min,full_history,causal_euclidean,2025-10,638.5262869769822,20,2025
xauusd,30min,full_history,causal_euclidean,2025-11,-139.99936459913258,13,2025
xauusd,30min,full_history,causal_euclidean,2025-12,-166.81433465333876,25,2025
xauusd,30min,full_history,causal_euclidean,2026-01,306.8467022032403,25,2026
xauusd,30min,full_history,causal_euclidean,2026-02,-35.799998757087074,15,2026
xauusd,30min,full_history,causal_euclidean,2026-03,-645.439161157753,24,2026
xauusd,30min,full_history,causal_euclidean,2026-04,42.69460853998146,19,2026
xauusd,30min,full_history,causal_euclidean,2026-05,-104.46908219974195,20,2026
xauusd,30min,full_history,causal_euclidean,2026-06,643.7736807048498,24,2026
xauusd,30min,full_history,causal_euclidean,2026-07,-17.331579663247034,26,2026
xauusd,30min,full_history,causal_euclidean,2026-08,79.02754633855454,23,2026
xauusd,30min,full_history,simple_momentum4,2024-01,-45.223978566245194,37,2024
xauusd,30min,full_history,simple_momentum4,2024-02,-15.385918769096614,34,2024
xauusd,30min,full_history,simple_momentum4,2024-03,12.582675521075785,26,2024
xauusd,30min,full_history,simple_momentum4,2024-04,73.68854000415251,42,2024
xauusd,30min,full_history,simple_momentum4,2024-05,-20.645437949490677,29,2024
xauusd,30min,full_history,simple_momentum4,2024-06,109.44761259302308,34,2024
xauusd,30min,full_history,simple_momentum4,2024-07,-195.82278886682695,30,2024
xauusd,30min,full_history,simple_momentum4,2024-08,-50.55318128717791,34,2024
xauusd,30min,full_history,simple_momentum4,2024-09,-212.7431019293724,29,2024
xauusd,30min,full_history,simple_momentum4,2024-10,-128.07049612089784,42,2024
xauusd,30min,full_history,simple_momentum4,2024-11,405.0794167528899,33,2024
xauusd,30min,full_history,simple_momentum4,2024-12,81.23037688184169,33,2024
xauusd,30min,full_history,simple_momentum4,2025-01,-6.0241820142390905,35,2025
xauusd,30min,full_history,simple_momentum4,2025-02,27.208405888817765,26,2025
xauusd,30min,full_history,simple_momentum4,2025-03,-312.60075371480804,32,2025
xauusd,30min,full_history,simple_momentum4,2025-04,102.346117018332,38,2025
xauusd,30min,full_history,simple_momentum4,2025-05,569.5400436381069,27,2025
xauusd,30min,full_history,simple_momentum4,2025-06,-305.7669520356953,40,2025
xauusd,30min,full_history,simple_momentum4,2025-07,-13.779711752145912,37,2025
xauusd,30min,full_history,simple_momentum4,2025-08,261.6420504947587,36,2025
xauusd,30min,full_history,simple_momentum4,2025-09,169.4360131297965,28,2025
xauusd,30min,full_history,simple_momentum4,2025-10,-109.29404966583682,29,2025
xauusd,30min,full_history,simple_momentum4,2025-11,-267.06771538050873,25,2025
xauusd,30min,full_history,simple_momentum4,2025-12,-403.0279788528622,38,2025
xauusd,30min,full_history,simple_momentum4,2026-01,328.6980950370884,26,2026
xauusd,30min,full_history,simple_momentum4,2026-02,-249.75039033956037,22,2026
xauusd,30min,full_history,simple_momentum4,2026-03,-31.819626225324654,36,2026
xauusd,30min,full_history,simple_momentum4,2026-04,449.1398841212469,31,2026
xauusd,30min,full_history,simple_momentum4,2026-05,195.47790511607508,25,2026
xauusd,30min,full_history,simple_momentum4,2026-06,54.130673033824415,25,2026
xauusd,30min,full_history,simple_momentum4,2026-07,131.96224221580817,38,2026
xauusd,30min,full_history,simple_momentum4,2026-08,244.56739455716288,35,2026
xauusd,30min,full_history,filter_only_kernel,2024-01,-57.59195357266553,38,2024
xauusd,30min,full_history,filter_only_kernel,2024-02,-2.081417603783094,33,2024
xauusd,30min,full_history,filter_only_kernel,2024-03,72.0229985257275,24,2024
xauusd,30min,full_history,filter_only_kernel,2024-04,141.90607141679308,41,2024
xauusd,30min,full_history,filter_only_kernel,2024-05,-54.04738259079674,30,2024
xauusd,30min,full_history,filter_only_kernel,2024-06,109.44761259302308,34,2024
xauusd,30min,full_history,filter_only_kernel,2024-07,-231.84267589942954,29,2024
xauusd,30min,full_history,filter_only_kernel,2024-08,-85.83206160182708,35,2024
xauusd,30min,full_history,filter_only_kernel,2024-09,-218.70650496535248,30,2024
xauusd,30min,full_history,filter_only_kernel,2024-10,-113.68775334915026,40,2024
xauusd,30min,full_history,filter_only_kernel,2024-11,274.674772115236,32,2024
xauusd,30min,full_history,filter_only_kernel,2024-12,80.15262738790562,35,2024
xauusd,30min,full_history,filter_only_kernel,2025-01,-72.35670066396564,33,2025
xauusd,30min,full_history,filter_only_kernel,2025-02,65.49086110981878,26,2025
xauusd,30min,full_history,filter_only_kernel,2025-03,-254.36171794065018,32,2025
xauusd,30min,full_history,filter_only_kernel,2025-04,93.57465660563966,40,2025
xauusd,30min,full_history,filter_only_kernel,2025-05,538.7861276732361,30,2025
xauusd,30min,full_history,filter_only_kernel,2025-06,-338.171668046815,39,2025
xauusd,30min,full_history,filter_only_kernel,2025-07,0.741213571754161,35,2025
xauusd,30min,full_history,filter_only_kernel,2025-08,322.07969752602423,37,2025
xauusd,30min,full_history,filter_only_kernel,2025-09,271.54803468652585,28,2025
xauusd,30min,full_history,filter_only_kernel,2025-10,-50.61653535746835,29,2025
xauusd,30min,full_history,filter_only_kernel,2025-11,-267.06771538050873,25,2025
xauusd,30min,full_history,filter_only_kernel,2025-12,-331.3160885944051,37,2025
xauusd,30min,full_history,filter_only_kernel,2026-01,328.6980950370884,26,2026
xauusd,30min,full_history,filter_only_kernel,2026-02,-41.94719066219405,21,2026
xauusd,30min,full_history,filter_only_kernel,2026-03,132.24328589772603,34,2026
xauusd,30min,full_history,filter_only_kernel,2026-04,410.9613519304118,30,2026
xauusd,30min,full_history,filter_only_kernel,2026-05,195.47790511607508,25,2026
xauusd,30min,full_history,filter_only_kernel,2026-06,-8.284061243601947,25,2026
xauusd,30min,full_history,filter_only_kernel,2026-07,143.6212890371577,37,2026
xauusd,30min,full_history,filter_only_kernel,2026-08,244.56739455716288,35,2026
xauusd,30min,recent_2000_scored_bars,official_original_recent,2026-07,-72.23951450602952,32,2026
xauusd,30min,recent_2000_scored_bars,official_original_recent,2026-08,244.56739455716288,35,2026
xauusd,1h,full_history,causal_lorentzian,2024-01,-52.55127297981908,15,2024
xauusd,1h,full_history,causal_lorentzian,2024-02,-55.59360692142567,8,2024
xauusd,1h,full_history,causal_lorentzian,2024-03,204.04669162386696,12,2024
xauusd,1h,full_history,causal_lorentzian,2024-04,-51.089509395819306,10,2024
xauusd,1h,full_history,causal_lorentzian,2024-05,87.64120817148911,11,2024
xauusd,1h,full_history,causal_lorentzian,2024-06,109.29146577166746,9,2024
xauusd,1h,full_history,causal_lorentzian,2024-07,30.51439613388512,14,2024
xauusd,1h,full_history,causal_lorentzian,2024-08,-130.19978142454812,11,2024
xauusd,1h,full_history,causal_lorentzian,2024-09,-59.044593468389024,11,2024
xauusd,1h,full_history,causal_lorentzian,2024-10,-121.59906153048395,11,2024
xauusd,1h,full_history,causal_lorentzian,2024-11,119.34836039887892,9,2024
xauusd,1h,full_history,causal_lorentzian,2024-12,-72.99007778901216,13,2024
xauusd,1h,full_history,causal_lorentzian,2025-01,26.93024252035524,14,2025
xauusd,1h,full_history,causal_lorentzian,2025-02,-144.68308429957034,16,2025
xauusd,1h,full_history,causal_lorentzian,2025-03,66.92243826053706,13,2025
xauusd,1h,full_history,causal_lorentzian,2025-04,-89.2802187677187,13,2025
xauusd,1h,full_history,causal_lorentzian,2025-05,161.74686826493155,7,2025
xauusd,1h,full_history,causal_lorentzian,2025-06,46.617282469972196,5,2025
xauusd,1h,full_history,causal_lorentzian,2025-07,100.97923070616807,15,2025
xauusd,1h,full_history,causal_lorentzian,2025-08,-67.73713042443168,17,2025
xauusd,1h,full_history,causal_lorentzian,2025-09,151.77382101049335,16,2025
xauusd,1h,full_history,causal_lorentzian,2025-10,612.2321257631693,16,2025
xauusd,1h,full_history,causal_lorentzian,2025-11,-414.0376763506839,10,2025
xauusd,1h,full_history,causal_lorentzian,2025-12,-228.52113985667327,17,2025
xauusd,1h,full_history,causal_lorentzian,2026-01,291.5775205783847,9,2026
xauusd,1h,full_history,causal_lorentzian,2026-02,195.5749067303308,7,2026
xauusd,1h,full_history,causal_lorentzian,2026-03,208.13703970178466,9,2026
xauusd,1h,full_history,causal_lorentzian,2026-04,-43.833733881201965,5,2026
xauusd,1h,full_history,causal_lorentzian,2026-05,-16.866034644768188,10,2026
xauusd,1h,full_history,causal_lorentzian,2026-06,123.1071788688078,15,2026
xauusd,1h,full_history,causal_lorentzian,2026-07,6.798630465404035,7,2026
xauusd,1h,full_history,causal_lorentzian,2026-08,104.49857907719588,7,2026
xauusd,1h,full_history,causal_euclidean,2024-01,-114.92111297056351,14,2024
xauusd,1h,full_history,causal_euclidean,2024-02,-30.496186132255872,9,2024
xauusd,1h,full_history,causal_euclidean,2024-03,193.5381615493113,8,2024
xauusd,1h,full_history,causal_euclidean,2024-04,22.16317492284977,8,2024
xauusd,1h,full_history,causal_euclidean,2024-05,5.203708034434415,10,2024
xauusd,1h,full_history,causal_euclidean,2024-06,-67.68187375844707,10,2024
xauusd,1h,full_history,causal_euclidean,2024-07,-14.5724894236831,13,2024
xauusd,1h,full_history,causal_euclidean,2024-08,-87.27393976096987,13,2024
xauusd,1h,full_history,causal_euclidean,2024-09,-222.78699476945144,10,2024
xauusd,1h,full_history,causal_euclidean,2024-10,-27.664417018627717,8,2024
xauusd,1h,full_history,causal_euclidean,2024-11,119.79854129410087,8,2024
xauusd,1h,full_history,causal_euclidean,2024-12,-54.068132145680266,8,2024
xauusd,1h,full_history,causal_euclidean,2025-01,12.439370239694078,13,2025
xauusd,1h,full_history,causal_euclidean,2025-02,-18.87220556448411,16,2025
xauusd,1h,full_history,causal_euclidean,2025-03,-22.05494837606273,10,2025
xauusd,1h,full_history,causal_euclidean,2025-04,188.91960440224062,13,2025
xauusd,1h,full_history,causal_euclidean,2025-05,115.42002080879074,7,2025
xauusd,1h,full_history,causal_euclidean,2025-06,-93.77753015210526,6,2025
xauusd,1h,full_history,causal_euclidean,2025-07,110.4332607576584,14,2025
xauusd,1h,full_history,causal_euclidean,2025-08,-129.25896434017955,14,2025
xauusd,1h,full_history,causal_euclidean,2025-09,-58.329761675483546,15,2025
xauusd,1h,full_history,causal_euclidean,2025-10,110.56562594688464,19,2025
xauusd,1h,full_history,causal_euclidean,2025-11,-278.4980636198176,12,2025
xauusd,1h,full_history,causal_euclidean,2025-12,-183.40556306481793,13,2025
xauusd,1h,full_history,causal_euclidean,2026-01,285.5172900833739,8,2026
xauusd,1h,full_history,causal_euclidean,2026-02,197.35047967411856,11,2026
xauusd,1h,full_history,causal_euclidean,2026-03,423.45756309067303,10,2026
xauusd,1h,full_history,causal_euclidean,2026-04,-1.3751055667818548,7,2026
xauusd,1h,full_history,causal_euclidean,2026-05,126.81664443976076,10,2026
xauusd,1h,full_history,causal_euclidean,2026-06,-10.725666488994179,11,2026
xauusd,1h,full_history,causal_euclidean,2026-07,100.78438556857229,7,2026
xauusd,1h,full_history,causal_euclidean,2026-08,227.86201281328343,6,2026
xauusd,1h,full_history,simple_momentum4,2024-01,-122.93529323517225,19,2024
xauusd,1h,full_history,simple_momentum4,2024-02,38.17009289679558,19,2024
xauusd,1h,full_history,simple_momentum4,2024-03,68.18527633831232,14,2024
xauusd,1h,full_history,simple_momentum4,2024-04,23.714654542985333,25,2024
xauusd,1h,full_history,simple_momentum4,2024-05,4.508938929378935,15,2024
xauusd,1h,full_history,simple_momentum4,2024-06,508.7409921032066,10,2024
xauusd,1h,full_history,simple_momentum4,2024-07,-22.47067825431217,14,2024
xauusd,1h,full_history,simple_momentum4,2024-08,14.696904674194807,18,2024
xauusd,1h,full_history,simple_momentum4,2024-09,-113.42077813845634,14,2024
xauusd,1h,full_history,simple_momentum4,2024-10,-171.30538011590002,19,2024
xauusd,1h,full_history,simple_momentum4,2024-11,255.01678321409992,13,2024
xauusd,1h,full_history,simple_momentum4,2024-12,176.22391583081392,14,2024
xauusd,1h,full_history,simple_momentum4,2025-01,88.04332160598595,18,2025
xauusd,1h,full_history,simple_momentum4,2025-02,-2.4034325580347407,13,2025
xauusd,1h,full_history,simple_momentum4,2025-03,-70.95495062444793,13,2025
xauusd,1h,full_history,simple_momentum4,2025-04,210.45192930731722,19,2025
xauusd,1h,full_history,simple_momentum4,2025-05,166.8339757333417,18,2025
xauusd,1h,full_history,simple_momentum4,2025-06,-345.3126589241708,17,2025
xauusd,1h,full_history,simple_momentum4,2025-07,118.69506652354377,12,2025
xauusd,1h,full_history,simple_momentum4,2025-08,-263.3363046986553,21,2025
xauusd,1h,full_history,simple_momentum4,2025-09,95.27089733302466,22,2025
xauusd,1h,full_history,simple_momentum4,2025-10,483.47678025273524,20,2025
xauusd,1h,full_history,simple_momentum4,2025-11,-27.976849207908927,12,2025
xauusd,1h,full_history,simple_momentum4,2025-12,-508.663416131884,19,2025
xauusd,1h,full_history,simple_momentum4,2026-01,185.51376327666435,16,2026
xauusd,1h,full_history,simple_momentum4,2026-02,309.55442654487445,7,2026
xauusd,1h,full_history,simple_momentum4,2026-03,-457.0454209993103,11,2026
xauusd,1h,full_history,simple_momentum4,2026-04,129.18884361521253,15,2026
xauusd,1h,full_history,simple_momentum4,2026-05,32.84281513576206,18,2026
xauusd,1h,full_history,simple_momentum4,2026-06,367.6768832935114,12,2026
xauusd,1h,full_history,simple_momentum4,2026-07,198.8048916771553,15,2026
xauusd,1h,full_history,simple_momentum4,2026-08,77.04417481584532,13,2026
xauusd,1h,full_history,filter_only_kernel,2024-01,-168.1687039608682,20,2024
xauusd,1h,full_history,filter_only_kernel,2024-02,38.17009289679558,19,2024
xauusd,1h,full_history,filter_only_kernel,2024-03,68.18527633831232,14,2024
xauusd,1h,full_history,filter_only_kernel,2024-04,-17.34612891446727,25,2024
xauusd,1h,full_history,filter_only_kernel,2024-05,-14.552077184142004,16,2024
xauusd,1h,full_history,filter_only_kernel,2024-06,501.4347929182751,11,2024
xauusd,1h,full_history,filter_only_kernel,2024-07,-22.47067825431217,14,2024
xauusd,1h,full_history,filter_only_kernel,2024-08,-0.9376515199635236,19,2024
xauusd,1h,full_history,filter_only_kernel,2024-09,-113.42077813845634,14,2024
xauusd,1h,full_history,filter_only_kernel,2024-10,-98.58766123113557,18,2024
xauusd,1h,full_history,filter_only_kernel,2024-11,255.01678321409992,13,2024
xauusd,1h,full_history,filter_only_kernel,2024-12,78.99582019801228,14,2024
xauusd,1h,full_history,filter_only_kernel,2025-01,71.17415453824653,17,2025
xauusd,1h,full_history,filter_only_kernel,2025-02,21.73059871802901,12,2025
xauusd,1h,full_history,filter_only_kernel,2025-03,-70.95495062444793,13,2025
xauusd,1h,full_history,filter_only_kernel,2025-04,265.1148068522612,19,2025
xauusd,1h,full_history,filter_only_kernel,2025-05,131.33302995351502,20,2025
xauusd,1h,full_history,filter_only_kernel,2025-06,-345.6786349123475,17,2025
xauusd,1h,full_history,filter_only_kernel,2025-07,118.69506652354377,12,2025
xauusd,1h,full_history,filter_only_kernel,2025-08,-235.9530537396333,20,2025
xauusd,1h,full_history,filter_only_kernel,2025-09,45.9829184266297,20,2025
xauusd,1h,full_history,filter_only_kernel,2025-10,473.85404687992826,19,2025
xauusd,1h,full_history,filter_only_kernel,2025-11,-80.60370186058191,11,2025
xauusd,1h,full_history,filter_only_kernel,2025-12,-508.663416131884,19,2025
xauusd,1h,full_history,filter_only_kernel,2026-01,-125.66212717195737,16,2026
xauusd,1h,full_history,filter_only_kernel,2026-02,309.55442654487445,7,2026
xauusd,1h,full_history,filter_only_kernel,2026-03,-411.23775355340763,10,2026
xauusd,1h,full_history,filter_only_kernel,2026-04,159.66358777739495,14,2026
xauusd,1h,full_history,filter_only_kernel,2026-05,32.84281513576206,18,2026
xauusd,1h,full_history,filter_only_kernel,2026-06,388.8253430782033,14,2026
xauusd,1h,full_history,filter_only_kernel,2026-07,198.20538165927317,15,2026
xauusd,1h,full_history,filter_only_kernel,2026-08,83.20352844179004,12,2026
xauusd,1h,recent_2000_scored_bars,official_original_recent,2026-04,0.0,0,2026
xauusd,1h,recent_2000_scored_bars,official_original_recent,2026-05,-75.9203091835501,18,2026
xauusd,1h,recent_2000_scored_bars,official_original_recent,2026-06,388.8253430782033,14,2026
xauusd,1h,recent_2000_scored_bars,official_original_recent,2026-07,234.9077368988959,16,2026
xauusd,1h,recent_2000_scored_bars,official_original_recent,2026-08,83.20352844179004,12,2026
