asset,variant,month,net_bps,trades,year
sp500,official_original,2024-01,0.0,0,2024
sp500,official_original,2024-02,0.0,0,2024
sp500,official_original,2024-03,0.0,0,2024
sp500,official_original,2024-04,0.0,0,2024
sp500,official_original,2024-05,0.0,0,2024
sp500,official_original,2024-06,0.0,0,2024
sp500,official_original,2024-07,0.0,0,2024
sp500,official_original,2024-08,0.0,0,2024
sp500,official_original,2024-09,0.0,0,2024
sp500,official_original,2024-10,0.0,0,2024
sp500,official_original,2024-11,0.0,0,2024
sp500,official_original,2024-12,0.0,0,2024
sp500,official_original,2025-01,0.0,0,2025
sp500,official_original,2025-02,0.0,0,2025
sp500,official_original,2025-03,0.0,0,2025
sp500,official_original,2025-04,0.0,0,2025
sp500,official_original,2025-05,0.0,0,2025
sp500,official_original,2025-06,-37.125570136552994,5,2025
sp500,official_original,2025-07,-129.68815925361528,5,2025
sp500,official_original,2025-08,-35.47936259699566,3,2025
sp500,official_original,2025-09,34.29015250838815,3,2025
sp500,official_original,2025-10,-77.41883539791338,8,2025
sp500,official_original,2025-11,-179.14891248771247,5,2025
sp500,official_original,2025-12,-26.217512292817673,5,2025
sp500,official_original,2026-01,-189.56397438631066,10,2026
sp500,official_original,2026-02,-21.134395939879933,1,2026
sp500,official_original,2026-03,42.06920701703912,8,2026
sp500,official_original,2026-04,0.0,0,2026
sp500,official_original,2026-05,64.3179768136522,4,2026
sp500,official_original,2026-06,135.3381141383746,6,2026
sp500,official_original,2026-07,-19.50009127337708,2,2026
sp500,official_original,2026-08,39.89525859183151,2,2026
sp500,causal_lorentzian,2024-01,-3.5294398299797862,4,2024
sp500,causal_lorentzian,2024-02,2.8670235101007986,3,2024
sp500,causal_lorentzian,2024-03,-38.99643171752061,3,2024
sp500,causal_lorentzian,2024-04,-205.96690384541176,6,2024
sp500,causal_lorentzian,2024-05,82.57780551968538,2,2024
sp500,causal_lorentzian,2024-06,-71.00627239142378,2,2024
sp500,causal_lorentzian,2024-07,-132.6000830910452,8,2024
sp500,causal_lorentzian,2024-08,225.3974676862688,3,2024
sp500,causal_lorentzian,2024-09,91.21797837143966,2,2024
sp500,causal_lorentzian,2024-10,26.654812304967905,1,2024
sp500,causal_lorentzian,2024-11,45.349066205909416,2,2024
sp500,causal_lorentzian,2024-12,-77.93138113525772,4,2024
sp500,causal_lorentzian,2025-01,-38.59141746991669,4,2025
sp500,causal_lorentzian,2025-02,-6.956173469334317,3,2025
sp500,causal_lorentzian,2025-03,227.15307943096855,2,2025
sp500,causal_lorentzian,2025-04,275.5723875467144,1,2025
sp500,causal_lorentzian,2025-05,-6.87807455078093,1,2025
sp500,causal_lorentzian,2025-06,25.22710046721043,1,2025
sp500,causal_lorentzian,2025-07,-19.55961454132703,3,2025
sp500,causal_lorentzian,2025-08,147.57138345490006,4,2025
sp500,causal_lorentzian,2025-09,-38.11980916838125,2,2025
sp500,causal_lorentzian,2025-10,0.0,0,2025
sp500,causal_lorentzian,2025-11,-152.06302660766727,4,2025
sp500,causal_lorentzian,2025-12,-29.03936382174356,1,2025
sp500,causal_lorentzian,2026-01,-79.34695375839361,5,2026
sp500,causal_lorentzian,2026-02,190.97962458539567,3,2026
sp500,causal_lorentzian,2026-03,-247.18759319531276,6,2026
sp500,causal_lorentzian,2026-04,13.061907465350545,1,2026
sp500,causal_lorentzian,2026-05,60.308439704029226,2,2026
sp500,causal_lorentzian,2026-06,-32.7610545613332,4,2026
sp500,causal_lorentzian,2026-07,34.835401726971995,1,2026
sp500,causal_lorentzian,2026-08,6.926635281283198,1,2026
sp500,causal_euclidean,2024-01,-3.5294398299797862,4,2024
sp500,causal_euclidean,2024-02,-89.4404414352767,2,2024
sp500,causal_euclidean,2024-03,0.0,0,2024
sp500,causal_euclidean,2024-04,-65.1700571263446,2,2024
sp500,causal_euclidean,2024-05,103.80488146001345,2,2024
sp500,causal_euclidean,2024-06,-71.00627239142378,2,2024
sp500,causal_euclidean,2024-07,-137.09927079314153,7,2024
sp500,causal_euclidean,2024-08,23.192937097246134,4,2024
sp500,causal_euclidean,2024-09,91.21797837143966,2,2024
sp500,causal_euclidean,2024-10,40.99495633444314,2,2024
sp500,causal_euclidean,2024-11,130.20876736238142,2,2024
sp500,causal_euclidean,2024-12,-126.89762110331596,5,2024
sp500,causal_euclidean,2025-01,64.8539327754803,5,2025
sp500,causal_euclidean,2025-02,-6.956173469334317,3,2025
sp500,causal_euclidean,2025-03,246.20844783243066,4,2025
sp500,causal_euclidean,2025-04,0.0,0,2025
sp500,causal_euclidean,2025-05,0.0,0,2025
sp500,causal_euclidean,2025-06,44.30289260509977,3,2025
sp500,causal_euclidean,2025-07,-7.417093099430211,2,2025
sp500,causal_euclidean,2025-08,147.57138345490006,4,2025
sp500,causal_euclidean,2025-09,-38.11980916838125,2,2025
sp500,causal_euclidean,2025-10,0.0,0,2025
sp500,causal_euclidean,2025-11,26.678097694732386,2,2025
sp500,causal_euclidean,2025-12,-52.43744363048375,1,2025
sp500,causal_euclidean,2026-01,-34.633632954873036,5,2026
sp500,causal_euclidean,2026-02,8.062214680802544,2,2026
sp500,causal_euclidean,2026-03,-182.61139866884963,6,2026
sp500,causal_euclidean,2026-04,21.325454602936237,1,2026
sp500,causal_euclidean,2026-05,-70.1550699091623,2,2026
sp500,causal_euclidean,2026-06,-32.7610545613332,4,2026
sp500,causal_euclidean,2026-07,-59.91081439468149,3,2026
sp500,causal_euclidean,2026-08,0.0,0,2026
sp500,simple_momentum4,2024-01,117.87220158504863,4,2024
sp500,simple_momentum4,2024-02,110.23018013699948,5,2024
sp500,simple_momentum4,2024-03,-76.02342836061933,6,2024
sp500,simple_momentum4,2024-04,-295.42688957512246,5,2024
sp500,simple_momentum4,2024-05,43.54460434455698,2,2024
sp500,simple_momentum4,2024-06,68.76355531361817,2,2024
sp500,simple_momentum4,2024-07,-108.69709740203757,9,2024
sp500,simple_momentum4,2024-08,106.33771074538589,4,2024
sp500,simple_momentum4,2024-09,112.55879689513725,2,2024
sp500,simple_momentum4,2024-10,-38.16467427158743,8,2024
sp500,simple_momentum4,2024-11,296.7524987999065,3,2024
sp500,simple_momentum4,2024-12,104.15379774366868,5,2024
sp500,simple_momentum4,2025-01,217.00810608573815,5,2025
sp500,simple_momentum4,2025-02,-161.24990633076266,4,2025
sp500,simple_momentum4,2025-03,-15.399497079972779,4,2025
sp500,simple_momentum4,2025-04,126.70967355252384,5,2025
sp500,simple_momentum4,2025-05,33.97806730290792,1,2025
sp500,simple_momentum4,2025-06,-37.125570136552994,5,2025
sp500,simple_momentum4,2025-07,-193.41775496689743,7,2025
sp500,simple_momentum4,2025-08,-40.625639234469226,4,2025
sp500,simple_momentum4,2025-09,34.29015250838815,3,2025
sp500,simple_momentum4,2025-10,-77.41883539791338,8,2025
sp500,simple_momentum4,2025-11,129.73750515193862,3,2025
sp500,simple_momentum4,2025-12,-26.217512292817673,5,2025
sp500,simple_momentum4,2026-01,-189.56397438631066,10,2026
sp500,simple_momentum4,2026-02,-192.39506149064272,2,2026
sp500,simple_momentum4,2026-03,42.06920701703912,8,2026
sp500,simple_momentum4,2026-04,-81.37489923096393,2,2026
sp500,simple_momentum4,2026-05,34.149078939929794,4,2026
sp500,simple_momentum4,2026-06,90.86193322742727,6,2026
sp500,simple_momentum4,2026-07,-128.681912961349,4,2026
sp500,simple_momentum4,2026-08,39.89525859183151,2,2026
sp500,filter_only_kernel,2024-01,117.87220158504863,4,2024
sp500,filter_only_kernel,2024-02,110.23018013699948,5,2024
sp500,filter_only_kernel,2024-03,-76.02342836061933,6,2024
sp500,filter_only_kernel,2024-04,-294.17346406941095,5,2024
sp500,filter_only_kernel,2024-05,43.54460434455698,2,2024
sp500,filter_only_kernel,2024-06,68.76355531361817,2,2024
sp500,filter_only_kernel,2024-07,-9.353122139785388,7,2024
sp500,filter_only_kernel,2024-08,106.33771074538589,4,2024
sp500,filter_only_kernel,2024-09,112.55879689513725,2,2024
sp500,filter_only_kernel,2024-10,-15.57086398808346,7,2024
sp500,filter_only_kernel,2024-11,296.7524987999065,3,2024
sp500,filter_only_kernel,2024-12,104.15379774366868,5,2024
sp500,filter_only_kernel,2025-01,217.00810608573815,5,2025
sp500,filter_only_kernel,2025-02,-139.67393528816115,5,2025
sp500,filter_only_kernel,2025-03,-15.399497079972779,4,2025
sp500,filter_only_kernel,2025-04,126.70967355252384,5,2025
sp500,filter_only_kernel,2025-05,21.05092232624554,2,2025
sp500,filter_only_kernel,2025-06,-58.06536696528627,4,2025
sp500,filter_only_kernel,2025-07,-193.41775496689743,7,2025
sp500,filter_only_kernel,2025-08,-35.47936259699566,3,2025
sp500,filter_only_kernel,2025-09,34.29015250838815,3,2025
sp500,filter_only_kernel,2025-10,-77.41883539791338,8,2025
sp500,filter_only_kernel,2025-11,-179.14891248771247,5,2025
sp500,filter_only_kernel,2025-12,-26.217512292817673,5,2025
sp500,filter_only_kernel,2026-01,-189.56397438631066,10,2026
sp500,filter_only_kernel,2026-02,34.812775255843036,2,2026
sp500,filter_only_kernel,2026-03,10.262031651626984,7,2026
sp500,filter_only_kernel,2026-04,-81.37489923096393,2,2026
sp500,filter_only_kernel,2026-05,34.149078939929794,4,2026
sp500,filter_only_kernel,2026-06,135.3381141383746,6,2026
sp500,filter_only_kernel,2026-07,-128.681912961349,4,2026
sp500,filter_only_kernel,2026-08,39.89525859183151,2,2026
xauusd,official_original,2024-01,0.0,0,2024
xauusd,official_original,2024-02,0.0,0,2024
xauusd,official_original,2024-03,0.0,0,2024
xauusd,official_original,2024-04,0.0,0,2024
xauusd,official_original,2024-05,0.0,0,2024
xauusd,official_original,2024-06,0.0,0,2024
xauusd,official_original,2024-07,0.0,0,2024
xauusd,official_original,2024-08,0.0,0,2024
xauusd,official_original,2024-09,0.0,0,2024
xauusd,official_original,2024-10,0.0,0,2024
xauusd,official_original,2024-11,0.0,0,2024
xauusd,official_original,2024-12,0.0,0,2024
xauusd,official_original,2025-01,0.0,0,2025
xauusd,official_original,2025-02,0.0,0,2025
xauusd,official_original,2025-03,0.0,0,2025
xauusd,official_original,2025-04,0.0,0,2025
xauusd,official_original,2025-05,0.0,0,2025
xauusd,official_original,2025-06,104.97256429430281,4,2025
xauusd,official_original,2025-07,55.94972286393785,4,2025
xauusd,official_original,2025-08,63.637064726157945,3,2025
xauusd,official_original,2025-09,171.9158514545186,4,2025
xauusd,official_original,2025-10,242.66190193460432,5,2025
xauusd,official_original,2025-11,143.84412076372288,3,2025
xauusd,official_original,2025-12,87.96273968230497,3,2025
xauusd,official_original,2026-01,90.3369590390492,1,2026
xauusd,official_original,2026-02,59.08834134871381,1,2026
xauusd,official_original,2026-03,-19.658165298817266,4,2026
xauusd,official_original,2026-04,-188.73139175407343,4,2026
xauusd,official_original,2026-05,218.8801746543652,6,2026
xauusd,official_original,2026-06,-64.27617601102344,5,2026
xauusd,official_original,2026-07,-41.249077916345726,8,2026
xauusd,official_original,2026-08,382.2699833489138,4,2026
xauusd,causal_lorentzian,2024-01,77.37842420826972,2,2024
xauusd,causal_lorentzian,2024-02,3.0121880526183915,3,2024
xauusd,causal_lorentzian,2024-03,83.89243671750978,2,2024
xauusd,causal_lorentzian,2024-04,82.41988531801402,1,2024
xauusd,causal_lorentzian,2024-05,115.70108821880774,2,2024
xauusd,causal_lorentzian,2024-06,-146.81578787260506,2,2024
xauusd,causal_lorentzian,2024-07,178.12769094327962,2,2024
xauusd,causal_lorentzian,2024-08,63.51742541417006,2,2024
xauusd,causal_lorentzian,2024-09,-55.734968360369464,6,2024
xauusd,causal_lorentzian,2024-10,47.44678861657279,4,2024
xauusd,causal_lorentzian,2024-11,8.936780075225897,4,2024
xauusd,causal_lorentzian,2024-12,-87.21163170688631,5,2024
xauusd,causal_lorentzian,2025-01,270.4916186491852,9,2025
xauusd,causal_lorentzian,2025-02,-101.80131177554378,3,2025
xauusd,causal_lorentzian,2025-03,199.51809111838645,4,2025
xauusd,causal_lorentzian,2025-04,72.88431938781895,4,2025
xauusd,causal_lorentzian,2025-05,-30.805708666589872,6,2025
xauusd,causal_lorentzian,2025-06,-12.191873384108913,4,2025
xauusd,causal_lorentzian,2025-07,-345.98997149616196,6,2025
xauusd,causal_lorentzian,2025-08,51.568560239131955,3,2025
xauusd,causal_lorentzian,2025-09,109.2700973994734,3,2025
xauusd,causal_lorentzian,2025-10,186.50873460481725,3,2025
xauusd,causal_lorentzian,2025-11,-47.11464099925426,3,2025
xauusd,causal_lorentzian,2025-12,30.41425225369646,3,2025
xauusd,causal_lorentzian,2026-01,254.77862684217703,4,2026
xauusd,causal_lorentzian,2026-02,-254.35465144968094,2,2026
xauusd,causal_lorentzian,2026-03,-131.72755624860852,1,2026
xauusd,causal_lorentzian,2026-04,-23.82604999056855,3,2026
xauusd,causal_lorentzian,2026-05,-103.20289833985609,2,2026
xauusd,causal_lorentzian,2026-06,-147.26013219920142,3,2026
xauusd,causal_lorentzian,2026-07,-168.78797294746505,2,2026
xauusd,causal_lorentzian,2026-08,138.76123144365735,5,2026
xauusd,causal_euclidean,2024-01,36.79667194746566,5,2024
xauusd,causal_euclidean,2024-02,-12.324718791735524,1,2024
xauusd,causal_euclidean,2024-03,93.38271433810343,3,2024
xauusd,causal_euclidean,2024-04,-35.97432308206716,1,2024
xauusd,causal_euclidean,2024-05,91.40222380036178,3,2024
xauusd,causal_euclidean,2024-06,-89.13655452987862,4,2024
xauusd,causal_euclidean,2024-07,289.45139417402675,6,2024
xauusd,causal_euclidean,2024-08,45.425121589152695,1,2024
xauusd,causal_euclidean,2024-09,-26.11006920505325,4,2024
xauusd,causal_euclidean,2024-10,161.54645404946768,3,2024
xauusd,causal_euclidean,2024-11,20.49692925013833,2,2024
xauusd,causal_euclidean,2024-12,-152.53394969252292,5,2024
xauusd,causal_euclidean,2025-01,243.04660868736596,8,2025
xauusd,causal_euclidean,2025-02,-93.65407340299387,4,2025
xauusd,causal_euclidean,2025-03,209.96242862123918,3,2025
xauusd,causal_euclidean,2025-04,-214.0690933426019,3,2025
xauusd,causal_euclidean,2025-05,9.740058904379922,5,2025
xauusd,causal_euclidean,2025-06,-22.689911356867487,2,2025
xauusd,causal_euclidean,2025-07,-266.6200980397515,5,2025
xauusd,causal_euclidean,2025-08,51.568560239131955,3,2025
xauusd,causal_euclidean,2025-09,109.2700973994734,3,2025
xauusd,causal_euclidean,2025-10,199.2456803243403,3,2025
xauusd,causal_euclidean,2025-11,-47.11464099925426,3,2025
xauusd,causal_euclidean,2025-12,-91.54287094988814,3,2025
xauusd,causal_euclidean,2026-01,175.99111236742448,3,2026
xauusd,causal_euclidean,2026-02,-254.35465144968094,2,2026
xauusd,causal_euclidean,2026-03,-119.80693811807944,5,2026
xauusd,causal_euclidean,2026-04,-306.40715966940564,3,2026
xauusd,causal_euclidean,2026-05,153.49628251112387,2,2026
xauusd,causal_euclidean,2026-06,-189.96238145956997,2,2026
xauusd,causal_euclidean,2026-07,19.82116667906908,2,2026
xauusd,causal_euclidean,2026-08,82.20702350770337,3,2026
xauusd,simple_momentum4,2024-01,100.94483277932704,4,2024
xauusd,simple_momentum4,2024-02,40.6161675866629,2,2024
xauusd,simple_momentum4,2024-03,-27.544684932315533,4,2024
xauusd,simple_momentum4,2024-04,-59.581694999722096,1,2024
xauusd,simple_momentum4,2024-05,258.07643280897673,2,2024
xauusd,simple_momentum4,2024-06,-185.53775546694374,6,2024
xauusd,simple_momentum4,2024-07,-119.77722667344142,6,2024
xauusd,simple_momentum4,2024-08,-122.73224226650564,3,2024
xauusd,simple_momentum4,2024-09,-8.07954363687868,4,2024
xauusd,simple_momentum4,2024-10,21.75471061708042,4,2024
xauusd,simple_momentum4,2024-11,290.4348019456147,2,2024
xauusd,simple_momentum4,2024-12,-11.802383339795917,3,2024
xauusd,simple_momentum4,2025-01,192.5937902174457,7,2025
xauusd,simple_momentum4,2025-02,-112.01034369051767,4,2025
xauusd,simple_momentum4,2025-03,-21.042667882215625,5,2025
xauusd,simple_momentum4,2025-04,132.35900996704174,2,2025
xauusd,simple_momentum4,2025-05,10.777239157533188,4,2025
xauusd,simple_momentum4,2025-06,104.97256429430281,4,2025
xauusd,simple_momentum4,2025-07,55.94972286393785,4,2025
xauusd,simple_momentum4,2025-08,63.637064726157945,3,2025
xauusd,simple_momentum4,2025-09,171.9158514545186,4,2025
xauusd,simple_momentum4,2025-10,317.5831485679558,6,2025
xauusd,simple_momentum4,2025-11,143.84412076372288,3,2025
xauusd,simple_momentum4,2025-12,87.96273968230497,3,2025
xauusd,simple_momentum4,2026-01,90.3369590390492,1,2026
xauusd,simple_momentum4,2026-02,59.08834134871381,1,2026
xauusd,simple_momentum4,2026-03,-19.658165298817266,4,2026
xauusd,simple_momentum4,2026-04,-348.28590855868816,5,2026
xauusd,simple_momentum4,2026-05,285.3009010616113,7,2026
xauusd,simple_momentum4,2026-06,195.50790669269819,6,2026
xauusd,simple_momentum4,2026-07,-200.5850240862697,8,2026
xauusd,simple_momentum4,2026-08,382.2699833489138,4,2026
xauusd,filter_only_kernel,2024-01,100.94483277932704,4,2024
xauusd,filter_only_kernel,2024-02,40.6161675866629,2,2024
xauusd,filter_only_kernel,2024-03,-27.544684932315533,4,2024
xauusd,filter_only_kernel,2024-04,-59.581694999722096,1,2024
xauusd,filter_only_kernel,2024-05,139.90316479060047,4,2024
xauusd,filter_only_kernel,2024-06,-23.615609401476124,7,2024
xauusd,filter_only_kernel,2024-07,-119.77722667344142,6,2024
xauusd,filter_only_kernel,2024-08,-122.73224226650564,3,2024
xauusd,filter_only_kernel,2024-09,-8.07954363687868,4,2024
xauusd,filter_only_kernel,2024-10,21.75471061708042,4,2024
xauusd,filter_only_kernel,2024-11,290.4348019456147,2,2024
xauusd,filter_only_kernel,2024-12,-23.461391118031024,4,2024
xauusd,filter_only_kernel,2025-01,192.5937902174457,7,2025
xauusd,filter_only_kernel,2025-02,-86.4358067330738,3,2025
xauusd,filter_only_kernel,2025-03,-21.042667882215625,5,2025
xauusd,filter_only_kernel,2025-04,300.4128888665914,3,2025
xauusd,filter_only_kernel,2025-05,10.777239157533188,4,2025
xauusd,filter_only_kernel,2025-06,104.97256429430281,4,2025
xauusd,filter_only_kernel,2025-07,55.94972286393785,4,2025
xauusd,filter_only_kernel,2025-08,63.637064726157945,3,2025
xauusd,filter_only_kernel,2025-09,171.9158514545186,4,2025
xauusd,filter_only_kernel,2025-10,242.66190193460432,5,2025
xauusd,filter_only_kernel,2025-11,143.84412076372288,3,2025
xauusd,filter_only_kernel,2025-12,87.96273968230497,3,2025
xauusd,filter_only_kernel,2026-01,857.972403559686,2,2026
xauusd,filter_only_kernel,2026-02,59.08834134871381,1,2026
xauusd,filter_only_kernel,2026-03,-19.658165298817266,4,2026
xauusd,filter_only_kernel,2026-04,-188.73139175407343,4,2026
xauusd,filter_only_kernel,2026-05,218.8801746543652,6,2026
xauusd,filter_only_kernel,2026-06,-64.27617601102344,5,2026
xauusd,filter_only_kernel,2026-07,-200.5850240862697,8,2026
xauusd,filter_only_kernel,2026-08,382.2699833489138,4,2026
