asset,cost,model,month,net_r
xauusd,base,lorentzian,2024-01,-8.754811649200436
xauusd,base,lorentzian,2024-02,-6.640060747400558
xauusd,base,lorentzian,2024-03,-0.6481217070936447
xauusd,base,lorentzian,2024-04,-5.786218054539702
xauusd,base,lorentzian,2024-05,-0.41470942103053765
xauusd,base,lorentzian,2024-06,-2.8868826883764145
xauusd,base,lorentzian,2024-07,5.05719693332163
xauusd,base,lorentzian,2024-08,-4.077954731366791
xauusd,base,lorentzian,2024-09,-11.940343549224972
xauusd,base,lorentzian,2024-10,11.165973523828079
xauusd,base,lorentzian,2024-11,13.895740364630305
xauusd,base,lorentzian,2024-12,-4.534656979865434
xauusd,base,lorentzian,2025-01,-4.778720047794928
xauusd,base,lorentzian,2025-02,-7.458879301952172
xauusd,base,lorentzian,2025-03,-6.468475053092093
xauusd,base,lorentzian,2025-04,4.868781205990267
xauusd,base,lorentzian,2025-05,5.9587900608632065
xauusd,base,lorentzian,2025-06,-11.391863296872792
xauusd,base,lorentzian,2025-07,-1.9388508712847519
xauusd,base,lorentzian,2025-08,12.350503254559714
xauusd,base,lorentzian,2025-09,4.066912526999091
xauusd,base,lorentzian,2025-10,8.197404959882675
xauusd,base,lorentzian,2025-11,0.23927477851304352
xauusd,base,lorentzian,2025-12,-10.170448454360832
xauusd,base,lorentzian,2026-01,-2.2621481036886553
xauusd,base,lorentzian,2026-02,-0.06068048672196555
xauusd,base,lorentzian,2026-03,-1.6717149900703416
xauusd,base,lorentzian,2026-04,-14.69117962057045
xauusd,base,lorentzian,2026-05,1.3185918268627197
xauusd,base,lorentzian,2026-06,4.641916407871786
xauusd,base,lorentzian,2026-07,10.719109803407317
xauusd,base,lorentzian,2026-08,-8.382469462278157
xauusd,base,logistic,2024-01,0.4662683891606089
xauusd,base,logistic,2024-02,-3.999999999999978
xauusd,base,logistic,2024-03,2.4440668399880736
xauusd,base,logistic,2024-04,0.6574918761447328
xauusd,base,logistic,2024-05,-4.741201471468089
xauusd,base,logistic,2024-06,-8.536026220238432
xauusd,base,logistic,2024-07,3.200798630030955
xauusd,base,logistic,2024-08,2.425077233235404
xauusd,base,logistic,2024-09,-3.9588513404828176
xauusd,base,logistic,2024-10,1.6268912160689029
xauusd,base,logistic,2024-11,0.0
xauusd,base,logistic,2024-12,0.08678131979398418
xauusd,base,logistic,2025-01,3.277367735632493
xauusd,base,logistic,2025-02,0.0
xauusd,base,logistic,2025-03,0.0
xauusd,base,logistic,2025-04,2.1486935783491665
xauusd,base,logistic,2025-05,6.30382887410919
xauusd,base,logistic,2025-06,-12.346935143948484
xauusd,base,logistic,2025-07,-3.8500297777747803
xauusd,base,logistic,2025-08,4.614631746844667
xauusd,base,logistic,2025-09,-3.1216119155376694
xauusd,base,logistic,2025-10,0.18698606858178146
xauusd,base,logistic,2025-11,0.0
xauusd,base,logistic,2025-12,7.015238352058569
xauusd,base,logistic,2026-01,6.245256031684365
xauusd,base,logistic,2026-02,0.1257592487911158
xauusd,base,logistic,2026-03,7.677970101629958
xauusd,base,logistic,2026-04,0.0
xauusd,base,logistic,2026-05,-4.0000000000001315
xauusd,base,logistic,2026-06,1.8974008143495982
xauusd,base,logistic,2026-07,3.416694989503151
xauusd,base,logistic,2026-08,-4.667588423152249
xauusd,base,prior,2024-01,0.0
xauusd,base,prior,2024-02,0.0
xauusd,base,prior,2024-03,0.0
xauusd,base,prior,2024-04,0.0
xauusd,base,prior,2024-05,0.0
xauusd,base,prior,2024-06,-2.357842303525914
xauusd,base,prior,2024-07,0.0
xauusd,base,prior,2024-08,0.0
xauusd,base,prior,2024-09,0.0
xauusd,base,prior,2024-10,0.0
xauusd,base,prior,2024-11,0.0
xauusd,base,prior,2024-12,0.0
xauusd,base,prior,2025-01,0.0
xauusd,base,prior,2025-02,0.0
xauusd,base,prior,2025-03,0.0
xauusd,base,prior,2025-04,0.0
xauusd,base,prior,2025-05,0.0
xauusd,base,prior,2025-06,0.0
xauusd,base,prior,2025-07,0.0
xauusd,base,prior,2025-08,-0.3539192457476079
xauusd,base,prior,2025-09,1.6492830362780477
xauusd,base,prior,2025-10,0.0
xauusd,base,prior,2025-11,0.0
xauusd,base,prior,2025-12,0.0
xauusd,base,prior,2026-01,0.0
xauusd,base,prior,2026-02,0.0
xauusd,base,prior,2026-03,0.0
xauusd,base,prior,2026-04,1.8971693017509081
xauusd,base,prior,2026-05,0.0
xauusd,base,prior,2026-06,0.0
xauusd,base,prior,2026-07,0.0
xauusd,base,prior,2026-08,0.6844835618160224
xauusd,stress,lorentzian,2024-01,-10.151508721405689
xauusd,stress,lorentzian,2024-02,-6.701374122041952
xauusd,stress,lorentzian,2024-03,-4.733722706500142
xauusd,stress,lorentzian,2024-04,-6.333743257227644
xauusd,stress,lorentzian,2024-05,-1.3249271677172538
xauusd,stress,lorentzian,2024-06,-2.7994693659472887
xauusd,stress,lorentzian,2024-07,4.070031067664178
xauusd,stress,lorentzian,2024-08,-4.569527028388354
xauusd,stress,lorentzian,2024-09,-13.687648694425523
xauusd,stress,lorentzian,2024-10,2.1377023306073104
xauusd,stress,lorentzian,2024-11,14.185812036353243
xauusd,stress,lorentzian,2024-12,-5.198007652080205
xauusd,stress,lorentzian,2025-01,-7.01720221814702
xauusd,stress,lorentzian,2025-02,-7.256003889637595
xauusd,stress,lorentzian,2025-03,-6.933593119790393
xauusd,stress,lorentzian,2025-04,4.452974148110659
xauusd,stress,lorentzian,2025-05,5.528520434668689
xauusd,stress,lorentzian,2025-06,-11.832526712754623
xauusd,stress,lorentzian,2025-07,-2.714786311604392
xauusd,stress,lorentzian,2025-08,11.53936879304401
xauusd,stress,lorentzian,2025-09,3.5444284187352824
xauusd,stress,lorentzian,2025-10,7.85883179669913
xauusd,stress,lorentzian,2025-11,0.05230497572574333
xauusd,stress,lorentzian,2025-12,-10.371395713387232
xauusd,stress,lorentzian,2026-01,-3.448957151877546
xauusd,stress,lorentzian,2026-02,-0.17932579225248074
xauusd,stress,lorentzian,2026-03,-1.8483973432396354
xauusd,stress,lorentzian,2026-04,-14.7989946109081
xauusd,stress,lorentzian,2026-05,1.0151281410425996
xauusd,stress,lorentzian,2026-06,4.411630727910599
xauusd,stress,lorentzian,2026-07,10.201310460425814
xauusd,stress,lorentzian,2026-08,-8.706591884379531
xauusd,stress,logistic,2024-01,-0.056647207544579525
xauusd,stress,logistic,2024-02,-3.999999999999944
xauusd,stress,logistic,2024-03,-1.1898213985572843
xauusd,stress,logistic,2024-04,0.5597350468214612
xauusd,stress,logistic,2024-05,-4.864631967414393
xauusd,stress,logistic,2024-06,-9.786963563928328
xauusd,stress,logistic,2024-07,2.8386887701208376
xauusd,stress,logistic,2024-08,2.2144805856781242
xauusd,stress,logistic,2024-09,-4.123736677197748
xauusd,stress,logistic,2024-10,1.3852090789169458
xauusd,stress,logistic,2024-11,0.0
xauusd,stress,logistic,2024-12,-0.36589019044657034
xauusd,stress,logistic,2025-01,1.45062978323337
xauusd,stress,logistic,2025-02,0.0
xauusd,stress,logistic,2025-03,0.0
xauusd,stress,logistic,2025-04,2.062697325887412
xauusd,stress,logistic,2025-05,6.530024667403679
xauusd,stress,logistic,2025-06,-12.773155154841389
xauusd,stress,logistic,2025-07,-3.91602994416128
xauusd,stress,logistic,2025-08,4.264313037990605
xauusd,stress,logistic,2025-09,-3.2039601622178453
xauusd,stress,logistic,2025-10,0.13945854523009893
xauusd,stress,logistic,2025-11,0.0
xauusd,stress,logistic,2025-12,6.85553879537851
xauusd,stress,logistic,2026-01,6.124531168335832
xauusd,stress,logistic,2026-02,0.10401003609653742
xauusd,stress,logistic,2026-03,7.624766238047104
xauusd,stress,logistic,2026-04,0.0
xauusd,stress,logistic,2026-05,-4.000000000000052
xauusd,stress,logistic,2026-06,1.8225718328188236
xauusd,stress,logistic,2026-07,3.2517548891076875
xauusd,stress,logistic,2026-08,-4.7965279605292475
xauusd,stress,prior,2024-01,0.0
xauusd,stress,prior,2024-02,0.0
xauusd,stress,prior,2024-03,0.0
xauusd,stress,prior,2024-04,0.0
xauusd,stress,prior,2024-05,0.0
xauusd,stress,prior,2024-06,-2.5780970612325986
xauusd,stress,prior,2024-07,0.0
xauusd,stress,prior,2024-08,0.0
xauusd,stress,prior,2024-09,0.0
xauusd,stress,prior,2024-10,0.0
xauusd,stress,prior,2024-11,0.0
xauusd,stress,prior,2024-12,0.0
xauusd,stress,prior,2025-01,0.0
xauusd,stress,prior,2025-02,0.0
xauusd,stress,prior,2025-03,0.0
xauusd,stress,prior,2025-04,0.0
xauusd,stress,prior,2025-05,0.0
xauusd,stress,prior,2025-06,0.0
xauusd,stress,prior,2025-07,0.0
xauusd,stress,prior,2025-08,-0.5208699220874611
xauusd,stress,prior,2025-09,1.4727020640951314
xauusd,stress,prior,2025-10,0.0
xauusd,stress,prior,2025-11,0.0
xauusd,stress,prior,2025-12,0.0
xauusd,stress,prior,2026-01,0.0
xauusd,stress,prior,2026-02,0.0
xauusd,stress,prior,2026-03,0.0
xauusd,stress,prior,2026-04,1.8448061990305216
xauusd,stress,prior,2026-05,0.0
xauusd,stress,prior,2026-06,0.0
xauusd,stress,prior,2026-07,0.0
xauusd,stress,prior,2026-08,0.6665853133388181
sp500,base,lorentzian,2024-01,6.907294436080416
sp500,base,lorentzian,2024-02,5.481949310509922
sp500,base,lorentzian,2024-03,-4.084929612185107
sp500,base,lorentzian,2024-04,-1.7212860695265886
sp500,base,lorentzian,2024-05,2.8501166143801195
sp500,base,lorentzian,2024-06,20.25969537704491
sp500,base,lorentzian,2024-07,-8.730988560200908
sp500,base,lorentzian,2024-08,4.476147589619526
sp500,base,lorentzian,2024-09,-0.04227199968064399
sp500,base,lorentzian,2024-10,2.8929335338931033
sp500,base,lorentzian,2024-11,-0.41024945793840684
sp500,base,lorentzian,2024-12,-4.423773617231356
sp500,base,lorentzian,2025-01,-0.03603113227416621
sp500,base,lorentzian,2025-02,-6.633416398205415
sp500,base,lorentzian,2025-03,-2.260401285721835
sp500,base,lorentzian,2025-04,9.056061027719249
sp500,base,lorentzian,2025-05,0.7413633389633978
sp500,base,lorentzian,2025-06,-7.792666675630842
sp500,base,lorentzian,2025-07,8.692747709916656
sp500,base,lorentzian,2025-08,-1.4306837950945437
sp500,base,lorentzian,2025-09,15.218698256977568
sp500,base,lorentzian,2025-10,4.817171180829668
sp500,base,lorentzian,2025-11,10.822289314980008
sp500,base,lorentzian,2025-12,0.44051958589795515
sp500,base,lorentzian,2026-01,-4.339879488595141
sp500,base,lorentzian,2026-02,4.293060428777363
sp500,base,lorentzian,2026-03,4.351817220771232
sp500,base,lorentzian,2026-04,18.70107485900729
sp500,base,lorentzian,2026-05,-8.01977336057504
sp500,base,lorentzian,2026-06,-5.420697838583383
sp500,base,lorentzian,2026-07,-8.392460885217933
sp500,base,lorentzian,2026-08,16.50336056323592
sp500,base,logistic,2024-01,-1.2541263805537275
sp500,base,logistic,2024-02,-2.507614200299038
sp500,base,logistic,2024-03,-0.6326265463705407
sp500,base,logistic,2024-04,0.38539581961689073
sp500,base,logistic,2024-05,4.223880738618174
sp500,base,logistic,2024-06,-1.0000000000001756
sp500,base,logistic,2024-07,-2.551920119468965
sp500,base,logistic,2024-08,0.21429316539988874
sp500,base,logistic,2024-09,2.4643481199258446
sp500,base,logistic,2024-10,7.759012942805457
sp500,base,logistic,2024-11,-5.848710043913654
sp500,base,logistic,2024-12,6.705168659051699
sp500,base,logistic,2025-01,-0.3728659162039416
sp500,base,logistic,2025-02,-11.697420345731809
sp500,base,logistic,2025-03,1.4158068528589662
sp500,base,logistic,2025-04,6.784011530221151
sp500,base,logistic,2025-05,-4.077392815970656
sp500,base,logistic,2025-06,-7.418769932978747
sp500,base,logistic,2025-07,4.0215940707984
sp500,base,logistic,2025-08,1.5628627871765357
sp500,base,logistic,2025-09,-4.000000000000348
sp500,base,logistic,2025-10,-1.470338876381976
sp500,base,logistic,2025-11,0.8098621906929006
sp500,base,logistic,2025-12,-2.3786378345033805
sp500,base,logistic,2026-01,0.754699927591338
sp500,base,logistic,2026-02,-2.5975254831232557
sp500,base,logistic,2026-03,5.966054184249923
sp500,base,logistic,2026-04,5.451783122571241
sp500,base,logistic,2026-05,-2.0000000000001186
sp500,base,logistic,2026-06,-1.6218912674046777
sp500,base,logistic,2026-07,-1.717541931129846
sp500,base,logistic,2026-08,-1.8941781336965677
sp500,base,prior,2024-01,0.0
sp500,base,prior,2024-02,0.0
sp500,base,prior,2024-03,0.0
sp500,base,prior,2024-04,0.0
sp500,base,prior,2024-05,0.0
sp500,base,prior,2024-06,0.0
sp500,base,prior,2024-07,0.0
sp500,base,prior,2024-08,0.0
sp500,base,prior,2024-09,0.0
sp500,base,prior,2024-10,0.0
sp500,base,prior,2024-11,0.0
sp500,base,prior,2024-12,0.0
sp500,base,prior,2025-01,0.0
sp500,base,prior,2025-02,0.0
sp500,base,prior,2025-03,0.0
sp500,base,prior,2025-04,-0.6788745204793444
sp500,base,prior,2025-05,1.9536826572469352
sp500,base,prior,2025-06,0.0
sp500,base,prior,2025-07,0.0
sp500,base,prior,2025-08,0.0
sp500,base,prior,2025-09,0.0
sp500,base,prior,2025-10,0.0
sp500,base,prior,2025-11,0.0
sp500,base,prior,2025-12,0.0
sp500,base,prior,2026-01,0.0
sp500,base,prior,2026-02,0.0
sp500,base,prior,2026-03,-1.0000000000000502
sp500,base,prior,2026-04,4.883186079522059
sp500,base,prior,2026-05,0.0
sp500,base,prior,2026-06,0.0
sp500,base,prior,2026-07,0.0
sp500,base,prior,2026-08,0.0
sp500,stress,lorentzian,2024-01,3.5959916603836324
sp500,stress,lorentzian,2024-02,1.2406018869679272
sp500,stress,lorentzian,2024-03,-4.591821182738375
sp500,stress,lorentzian,2024-04,-2.183131512261667
sp500,stress,lorentzian,2024-05,2.3391876245746976
sp500,stress,lorentzian,2024-06,18.821237927915906
sp500,stress,lorentzian,2024-07,-10.592135131047453
sp500,stress,lorentzian,2024-08,3.784299288085001
sp500,stress,lorentzian,2024-09,-0.38304855527096493
sp500,stress,lorentzian,2024-10,1.714448467489996
sp500,stress,lorentzian,2024-11,-2.0096836493952135
sp500,stress,lorentzian,2024-12,-5.049577196550558
sp500,stress,lorentzian,2025-01,-0.5716097642513018
sp500,stress,lorentzian,2025-02,-7.018107688071337
sp500,stress,lorentzian,2025-03,-4.76592557547381
sp500,stress,lorentzian,2025-04,8.685188324839658
sp500,stress,lorentzian,2025-05,0.12704230442684206
sp500,stress,lorentzian,2025-06,-9.966899381700365
sp500,stress,lorentzian,2025-07,15.16812187831503
sp500,stress,lorentzian,2025-08,-2.08399877271652
sp500,stress,lorentzian,2025-09,7.6052773005205605
sp500,stress,lorentzian,2025-10,4.933168808732249
sp500,stress,lorentzian,2025-11,10.249389995219651
sp500,stress,lorentzian,2025-12,-0.42605108051573715
sp500,stress,lorentzian,2026-01,-5.057352672162224
sp500,stress,lorentzian,2026-02,3.7705417763224918
sp500,stress,lorentzian,2026-03,3.8872696339543666
sp500,stress,lorentzian,2026-04,17.829222075673847
sp500,stress,lorentzian,2026-05,-9.427667721447413
sp500,stress,lorentzian,2026-06,-5.556288694662851
sp500,stress,lorentzian,2026-07,-9.635623457672315
sp500,stress,lorentzian,2026-08,7.375105867861446
sp500,stress,logistic,2024-01,-1.3100421889725569
sp500,stress,logistic,2024-02,-2.671422916136667
sp500,stress,logistic,2024-03,-0.7340666304512091
sp500,stress,logistic,2024-04,0.32407727268259534
sp500,stress,logistic,2024-05,4.002336953111115
sp500,stress,logistic,2024-06,-1.0000000000001572
sp500,stress,logistic,2024-07,-2.6378654419943564
sp500,stress,logistic,2024-08,0.17099341572690663
sp500,stress,logistic,2024-09,2.401787982480981
sp500,stress,logistic,2024-10,7.245038338200413
sp500,stress,logistic,2024-11,-6.041988981341358
sp500,stress,logistic,2024-12,5.873036958698692
sp500,stress,logistic,2025-01,-0.5532493895195532
sp500,stress,logistic,2025-02,-13.061213587345259
sp500,stress,logistic,2025-03,0.2271057908590306
sp500,stress,logistic,2025-04,6.40235428940794
sp500,stress,logistic,2025-05,0.06417065927151744
sp500,stress,logistic,2025-06,-10.536359330075902
sp500,stress,logistic,2025-07,3.321798253805289
sp500,stress,logistic,2025-08,1.3265259806890042
sp500,stress,logistic,2025-09,-4.000000000000299
sp500,stress,logistic,2025-10,-1.562122648474244
sp500,stress,logistic,2025-11,0.6855199987671882
sp500,stress,logistic,2025-12,-2.673408025198203
sp500,stress,logistic,2026-01,0.6041159521530255
sp500,stress,logistic,2026-02,-2.783598030330882
sp500,stress,logistic,2026-03,5.463163219290832
sp500,stress,logistic,2026-04,4.871765876690388
sp500,stress,logistic,2026-05,-2.000000000000098
sp500,stress,logistic,2026-06,-1.6383732016596957
sp500,stress,logistic,2026-07,-1.743702186404397
sp500,stress,logistic,2026-08,-2.1000031380622346
sp500,stress,prior,2024-01,0.0
sp500,stress,prior,2024-02,0.0
sp500,stress,prior,2024-03,0.0
sp500,stress,prior,2024-04,0.0
sp500,stress,prior,2024-05,0.0
sp500,stress,prior,2024-06,0.0
sp500,stress,prior,2024-07,0.0
sp500,stress,prior,2024-08,0.0
sp500,stress,prior,2024-09,0.0
sp500,stress,prior,2024-10,0.0
sp500,stress,prior,2024-11,0.0
sp500,stress,prior,2024-12,0.0
sp500,stress,prior,2025-01,0.0
sp500,stress,prior,2025-02,0.0
sp500,stress,prior,2025-03,0.0
sp500,stress,prior,2025-04,-0.7157393488010414
sp500,stress,prior,2025-05,1.9086305882447498
sp500,stress,prior,2025-06,0.0
sp500,stress,prior,2025-07,0.0
sp500,stress,prior,2025-08,0.0
sp500,stress,prior,2025-09,0.0
sp500,stress,prior,2025-10,0.0
sp500,stress,prior,2025-11,0.0
sp500,stress,prior,2025-12,0.0
sp500,stress,prior,2026-01,0.0
sp500,stress,prior,2026-02,0.0
sp500,stress,prior,2026-03,-1.0000000000000453
sp500,stress,prior,2026-04,4.8046943892036875
sp500,stress,prior,2026-05,0.0
sp500,stress,prior,2026-06,0.0
sp500,stress,prior,2026-07,0.0
sp500,stress,prior,2026-08,0.0
