asset,cost,variant,month,net_r
sp500,base,causal_lorentzian,2024-01,6.907294436080416
sp500,base,causal_lorentzian,2024-02,5.481949310509922
sp500,base,causal_lorentzian,2024-03,-4.084929612185107
sp500,base,causal_lorentzian,2024-04,-1.7212860695265886
sp500,base,causal_lorentzian,2024-05,2.8501166143801195
sp500,base,causal_lorentzian,2024-06,20.25969537704491
sp500,base,causal_lorentzian,2024-07,-8.730988560200908
sp500,base,causal_lorentzian,2024-08,4.476147589619526
sp500,base,causal_lorentzian,2024-09,-0.04227199968064399
sp500,base,causal_lorentzian,2024-10,2.8929335338931033
sp500,base,causal_lorentzian,2024-11,-0.41024945793840684
sp500,base,causal_lorentzian,2024-12,-4.423773617231356
sp500,base,causal_lorentzian,2025-01,-0.03603113227416621
sp500,base,causal_lorentzian,2025-02,-6.633416398205415
sp500,base,causal_lorentzian,2025-03,-2.260401285721835
sp500,base,causal_lorentzian,2025-04,9.056061027719249
sp500,base,causal_lorentzian,2025-05,0.7413633389633978
sp500,base,causal_lorentzian,2025-06,-7.792666675630842
sp500,base,causal_lorentzian,2025-07,8.692747709916656
sp500,base,causal_lorentzian,2025-08,-1.4306837950945437
sp500,base,causal_lorentzian,2025-09,15.218698256977568
sp500,base,causal_lorentzian,2025-10,4.817171180829668
sp500,base,causal_lorentzian,2025-11,10.822289314980008
sp500,base,causal_lorentzian,2025-12,0.44051958589795515
sp500,base,causal_lorentzian,2026-01,-4.339879488595141
sp500,base,causal_lorentzian,2026-02,4.293060428777363
sp500,base,causal_lorentzian,2026-03,4.351817220771232
sp500,base,causal_lorentzian,2026-04,18.70107485900729
sp500,base,causal_lorentzian,2026-05,-8.01977336057504
sp500,base,causal_lorentzian,2026-06,-5.420697838583383
sp500,base,causal_lorentzian,2026-07,-8.392460885217933
sp500,base,causal_lorentzian,2026-08,16.50336056323592
sp500,base,causal_euclidean,2024-01,4.766757774490679
sp500,base,causal_euclidean,2024-02,1.319930621292396
sp500,base,causal_euclidean,2024-03,-1.8358033131294291
sp500,base,causal_euclidean,2024-04,1.3039766318570494
sp500,base,causal_euclidean,2024-05,0.3613332351356837
sp500,base,causal_euclidean,2024-06,27.101957618690946
sp500,base,causal_euclidean,2024-07,-7.2349181599149235
sp500,base,causal_euclidean,2024-08,7.542658783922665
sp500,base,causal_euclidean,2024-09,-7.094830329449681
sp500,base,causal_euclidean,2024-10,2.3797495489126126
sp500,base,causal_euclidean,2024-11,4.687226091905617
sp500,base,causal_euclidean,2024-12,-8.935707570275106
sp500,base,causal_euclidean,2025-01,6.429097435730806
sp500,base,causal_euclidean,2025-02,-17.522774871331528
sp500,base,causal_euclidean,2025-03,-1.2750820079654985
sp500,base,causal_euclidean,2025-04,6.936091042992343
sp500,base,causal_euclidean,2025-05,-0.051877345034645694
sp500,base,causal_euclidean,2025-06,-3.771734678469465
sp500,base,causal_euclidean,2025-07,7.42204781723889
sp500,base,causal_euclidean,2025-08,0.6385894179763656
sp500,base,causal_euclidean,2025-09,13.966914838110954
sp500,base,causal_euclidean,2025-10,8.29832648964389
sp500,base,causal_euclidean,2025-11,8.699467277578393
sp500,base,causal_euclidean,2025-12,-1.4663297471174133
sp500,base,causal_euclidean,2026-01,2.734358551458548
sp500,base,causal_euclidean,2026-02,0.9495409944819184
sp500,base,causal_euclidean,2026-03,2.4454825539174356
sp500,base,causal_euclidean,2026-04,21.510883655447508
sp500,base,causal_euclidean,2026-05,-7.423495082313273
sp500,base,causal_euclidean,2026-06,-9.849713074932154
sp500,base,causal_euclidean,2026-07,-4.0747856668947
sp500,base,causal_euclidean,2026-08,13.5883882953402
sp500,base,simple_momentum4,2024-01,13.797769472910257
sp500,base,simple_momentum4,2024-02,-3.2274657854579214
sp500,base,simple_momentum4,2024-03,4.3601801826096365
sp500,base,simple_momentum4,2024-04,5.928271400396111
sp500,base,simple_momentum4,2024-05,-3.3667389706725066
sp500,base,simple_momentum4,2024-06,9.456226190682893
sp500,base,simple_momentum4,2024-07,-4.756182694769706
sp500,base,simple_momentum4,2024-08,-12.138608825647443
sp500,base,simple_momentum4,2024-09,-17.612644323571054
sp500,base,simple_momentum4,2024-10,-9.380433970511731
sp500,base,simple_momentum4,2024-11,7.055831266891927
sp500,base,simple_momentum4,2024-12,8.222071776844984
sp500,base,simple_momentum4,2025-01,7.816867815361507
sp500,base,simple_momentum4,2025-02,-17.225806179167847
sp500,base,simple_momentum4,2025-03,-1.5829288073740018
sp500,base,simple_momentum4,2025-04,-1.057175272228669
sp500,base,simple_momentum4,2025-05,-0.6697081162561032
sp500,base,simple_momentum4,2025-06,-5.620100686904538
sp500,base,simple_momentum4,2025-07,8.00085487409664
sp500,base,simple_momentum4,2025-08,6.586650771677194
sp500,base,simple_momentum4,2025-09,8.401403193906836
sp500,base,simple_momentum4,2025-10,4.1958773315238025
sp500,base,simple_momentum4,2025-11,3.663207164892966
sp500,base,simple_momentum4,2025-12,2.175633696716207
sp500,base,simple_momentum4,2026-01,-6.8209629387043
sp500,base,simple_momentum4,2026-02,4.864504798146471
sp500,base,simple_momentum4,2026-03,1.7736038820156872
sp500,base,simple_momentum4,2026-04,8.261502226422701
sp500,base,simple_momentum4,2026-05,-0.3447414321595692
sp500,base,simple_momentum4,2026-06,-11.087257793927092
sp500,base,simple_momentum4,2026-07,-9.653122280153205
sp500,base,simple_momentum4,2026-08,-2.7598522613815564
sp500,base,filter_only_kernel,2024-01,12.0055570747585
sp500,base,filter_only_kernel,2024-02,-3.0359886110301586
sp500,base,filter_only_kernel,2024-03,0.7385715060048099
sp500,base,filter_only_kernel,2024-04,7.907648214873234
sp500,base,filter_only_kernel,2024-05,-3.957327178902781
sp500,base,filter_only_kernel,2024-06,9.24987977199257
sp500,base,filter_only_kernel,2024-07,-6.3621367988703135
sp500,base,filter_only_kernel,2024-08,-14.138608825647578
sp500,base,filter_only_kernel,2024-09,-13.269963091216447
sp500,base,filter_only_kernel,2024-10,-6.327599878205745
sp500,base,filter_only_kernel,2024-11,3.1996775304131813
sp500,base,filter_only_kernel,2024-12,6.190144366330892
sp500,base,filter_only_kernel,2025-01,10.322767889513003
sp500,base,filter_only_kernel,2025-02,-17.225806179167847
sp500,base,filter_only_kernel,2025-03,-2.5829288073740293
sp500,base,filter_only_kernel,2025-04,-0.05717527222865826
sp500,base,filter_only_kernel,2025-05,-4.596602453865614
sp500,base,filter_only_kernel,2025-06,1.2065562171696464
sp500,base,filter_only_kernel,2025-07,7.581980360080592
sp500,base,filter_only_kernel,2025-08,6.586650771677194
sp500,base,filter_only_kernel,2025-09,9.172220057448266
sp500,base,filter_only_kernel,2025-10,6.432635898269613
sp500,base,filter_only_kernel,2025-11,1.7703329785816908
sp500,base,filter_only_kernel,2025-12,5.681792009420941
sp500,base,filter_only_kernel,2026-01,-6.594691792372968
sp500,base,filter_only_kernel,2026-02,5.8645047981465215
sp500,base,filter_only_kernel,2026-03,2.7736038820157085
sp500,base,filter_only_kernel,2026-04,9.261502226422744
sp500,base,filter_only_kernel,2026-05,-1.9627354625212545
sp500,base,filter_only_kernel,2026-06,-13.228891654879108
sp500,base,filter_only_kernel,2026-07,-16.97468144986963
sp500,base,filter_only_kernel,2026-08,-2.7598522613815564
sp500,stress,causal_lorentzian,2024-01,3.5959916603836324
sp500,stress,causal_lorentzian,2024-02,1.2406018869679272
sp500,stress,causal_lorentzian,2024-03,-4.591821182738375
sp500,stress,causal_lorentzian,2024-04,-2.183131512261667
sp500,stress,causal_lorentzian,2024-05,2.3391876245746976
sp500,stress,causal_lorentzian,2024-06,18.821237927915906
sp500,stress,causal_lorentzian,2024-07,-10.592135131047453
sp500,stress,causal_lorentzian,2024-08,3.784299288085001
sp500,stress,causal_lorentzian,2024-09,-0.38304855527096493
sp500,stress,causal_lorentzian,2024-10,1.714448467489996
sp500,stress,causal_lorentzian,2024-11,-2.0096836493952135
sp500,stress,causal_lorentzian,2024-12,-5.049577196550558
sp500,stress,causal_lorentzian,2025-01,-0.5716097642513018
sp500,stress,causal_lorentzian,2025-02,-7.018107688071337
sp500,stress,causal_lorentzian,2025-03,-4.76592557547381
sp500,stress,causal_lorentzian,2025-04,8.685188324839658
sp500,stress,causal_lorentzian,2025-05,0.12704230442684206
sp500,stress,causal_lorentzian,2025-06,-9.966899381700365
sp500,stress,causal_lorentzian,2025-07,15.16812187831503
sp500,stress,causal_lorentzian,2025-08,-2.08399877271652
sp500,stress,causal_lorentzian,2025-09,7.6052773005205605
sp500,stress,causal_lorentzian,2025-10,4.933168808732249
sp500,stress,causal_lorentzian,2025-11,10.249389995219651
sp500,stress,causal_lorentzian,2025-12,-0.42605108051573715
sp500,stress,causal_lorentzian,2026-01,-5.057352672162224
sp500,stress,causal_lorentzian,2026-02,3.7705417763224918
sp500,stress,causal_lorentzian,2026-03,3.8872696339543666
sp500,stress,causal_lorentzian,2026-04,17.829222075673847
sp500,stress,causal_lorentzian,2026-05,-9.427667721447413
sp500,stress,causal_lorentzian,2026-06,-5.556288694662851
sp500,stress,causal_lorentzian,2026-07,-9.635623457672315
sp500,stress,causal_lorentzian,2026-08,7.375105867861446
sp500,stress,causal_euclidean,2024-01,3.8443946167377425
sp500,stress,causal_euclidean,2024-02,-0.5353032371873427
sp500,stress,causal_euclidean,2024-03,-3.394817494885854
sp500,stress,causal_euclidean,2024-04,0.5924140138824766
sp500,stress,causal_euclidean,2024-05,-0.11254517008106957
sp500,stress,causal_euclidean,2024-06,21.525308003740406
sp500,stress,causal_euclidean,2024-07,-9.007795771257117
sp500,stress,causal_euclidean,2024-08,0.6996381599566341
sp500,stress,causal_euclidean,2024-09,-7.392240239647948
sp500,stress,causal_euclidean,2024-10,-4.337142861752316
sp500,stress,causal_euclidean,2024-11,2.9899858419542715
sp500,stress,causal_euclidean,2024-12,-9.783764609067534
sp500,stress,causal_euclidean,2025-01,6.036079060800549
sp500,stress,causal_euclidean,2025-02,-17.577524671991988
sp500,stress,causal_euclidean,2025-03,-3.8500250171453905
sp500,stress,causal_euclidean,2025-04,6.556231386356455
sp500,stress,causal_euclidean,2025-05,-0.6092598452679969
sp500,stress,causal_euclidean,2025-06,-5.328081753666037
sp500,stress,causal_euclidean,2025-07,3.7016689198637653
sp500,stress,causal_euclidean,2025-08,-1.0782967139002473
sp500,stress,causal_euclidean,2025-09,4.237220072715477
sp500,stress,causal_euclidean,2025-10,8.222603981189936
sp500,stress,causal_euclidean,2025-11,8.127704228258334
sp500,stress,causal_euclidean,2025-12,-4.429808430666638
sp500,stress,causal_euclidean,2026-01,1.8908622608665562
sp500,stress,causal_euclidean,2026-02,0.4156600595509299
sp500,stress,causal_euclidean,2026-03,1.77307869189233
sp500,stress,causal_euclidean,2026-04,20.679535664099774
sp500,stress,causal_euclidean,2026-05,-7.833211571012825
sp500,stress,causal_euclidean,2026-06,-9.929881386313596
sp500,stress,causal_euclidean,2026-07,-5.31702802405915
sp500,stress,causal_euclidean,2026-08,4.577631307900098
sp500,stress,simple_momentum4,2024-01,12.357450021729274
sp500,stress,simple_momentum4,2024-02,-4.161667104789873
sp500,stress,simple_momentum4,2024-03,2.237094292735722
sp500,stress,simple_momentum4,2024-04,4.943391863902476
sp500,stress,simple_momentum4,2024-05,-4.5521169632141785
sp500,stress,simple_momentum4,2024-06,4.456301320650532
sp500,stress,simple_momentum4,2024-07,-5.611966129746646
sp500,stress,simple_momentum4,2024-08,-12.786024268445454
sp500,stress,simple_momentum4,2024-09,-19.324178224196483
sp500,stress,simple_momentum4,2024-10,-10.214568706422718
sp500,stress,simple_momentum4,2024-11,5.804857405725656
sp500,stress,simple_momentum4,2024-12,6.797941196405665
sp500,stress,simple_momentum4,2025-01,5.969498065170908
sp500,stress,simple_momentum4,2025-02,-17.77906544516487
sp500,stress,simple_momentum4,2025-03,-3.164476054048412
sp500,stress,simple_momentum4,2025-04,-1.54379150890718
sp500,stress,simple_momentum4,2025-05,7.9471641642558275
sp500,stress,simple_momentum4,2025-06,-6.037991864178823
sp500,stress,simple_momentum4,2025-07,2.4025626710371575
sp500,stress,simple_momentum4,2025-08,4.773882638147054
sp500,stress,simple_momentum4,2025-09,-1.490066591281266
sp500,stress,simple_momentum4,2025-10,4.948057511164987
sp500,stress,simple_momentum4,2025-11,2.0163230450875904
sp500,stress,simple_momentum4,2025-12,0.8447138157490219
sp500,stress,simple_momentum4,2026-01,-10.035849680683262
sp500,stress,simple_momentum4,2026-02,3.762336190870232
sp500,stress,simple_momentum4,2026-03,1.0494231471482438
sp500,stress,simple_momentum4,2026-04,7.464364287463823
sp500,stress,simple_momentum4,2026-05,-1.2639041694067976
sp500,stress,simple_momentum4,2026-06,-11.563748587741864
sp500,stress,simple_momentum4,2026-07,-12.183674065239444
sp500,stress,simple_momentum4,2026-08,-6.675809925648157
sp500,stress,filter_only_kernel,2024-01,10.357450021729134
sp500,stress,filter_only_kernel,2024-02,-4.034068417960924
sp500,stress,filter_only_kernel,2024-03,-1.25923616119346
sp500,stress,filter_only_kernel,2024-04,6.931638970595486
sp500,stress,filter_only_kernel,2024-05,-5.230273531914275
sp500,stress,filter_only_kernel,2024-06,4.206219169804491
sp500,stress,filter_only_kernel,2024-07,-7.138647875413312
sp500,stress,filter_only_kernel,2024-08,-14.786024268445571
sp500,stress,filter_only_kernel,2024-09,-14.939276927768418
sp500,stress,filter_only_kernel,2024-10,-7.3406701918624435
sp500,stress,filter_only_kernel,2024-11,1.9933186984631985
sp500,stress,filter_only_kernel,2024-12,4.775637379488417
sp500,stress,filter_only_kernel,2025-01,8.425379683051656
sp500,stress,filter_only_kernel,2025-02,-17.77906544516487
sp500,stress,filter_only_kernel,2025-03,-4.164476054048431
sp500,stress,filter_only_kernel,2025-04,-0.5437915089071748
sp500,stress,filter_only_kernel,2025-05,4.1015599360938655
sp500,stress,filter_only_kernel,2025-06,0.6181815557068424
sp500,stress,filter_only_kernel,2025-07,2.0895921924671446
sp500,stress,filter_only_kernel,2025-08,4.773882638147054
sp500,stress,filter_only_kernel,2025-09,-0.6570096789221986
sp500,stress,filter_only_kernel,2025-10,7.127810192618362
sp500,stress,filter_only_kernel,2025-11,0.2144617092771588
sp500,stress,filter_only_kernel,2025-12,4.202132523061561
sp500,stress,filter_only_kernel,2026-01,-9.751972429418398
sp500,stress,filter_only_kernel,2026-02,4.762336190870277
sp500,stress,filter_only_kernel,2026-03,2.049423147148262
sp500,stress,filter_only_kernel,2026-04,8.464364287463859
sp500,stress,filter_only_kernel,2026-05,-2.9066988967347163
sp500,stress,filter_only_kernel,2026-06,-13.67572193549081
sp500,stress,filter_only_kernel,2026-07,-19.43348312481822
sp500,stress,filter_only_kernel,2026-08,-6.675809925648157
xauusd,base,causal_lorentzian,2024-01,-8.754811649200436
xauusd,base,causal_lorentzian,2024-02,-6.640060747400558
xauusd,base,causal_lorentzian,2024-03,-0.6481217070936447
xauusd,base,causal_lorentzian,2024-04,-5.786218054539702
xauusd,base,causal_lorentzian,2024-05,-0.41470942103053765
xauusd,base,causal_lorentzian,2024-06,-2.8868826883764145
xauusd,base,causal_lorentzian,2024-07,5.05719693332163
xauusd,base,causal_lorentzian,2024-08,-4.077954731366791
xauusd,base,causal_lorentzian,2024-09,-11.940343549224972
xauusd,base,causal_lorentzian,2024-10,11.165973523828079
xauusd,base,causal_lorentzian,2024-11,13.895740364630305
xauusd,base,causal_lorentzian,2024-12,-4.534656979865434
xauusd,base,causal_lorentzian,2025-01,-4.778720047794928
xauusd,base,causal_lorentzian,2025-02,-7.458879301952172
xauusd,base,causal_lorentzian,2025-03,-6.468475053092093
xauusd,base,causal_lorentzian,2025-04,4.868781205990267
xauusd,base,causal_lorentzian,2025-05,5.9587900608632065
xauusd,base,causal_lorentzian,2025-06,-11.391863296872792
xauusd,base,causal_lorentzian,2025-07,-1.9388508712847519
xauusd,base,causal_lorentzian,2025-08,12.350503254559714
xauusd,base,causal_lorentzian,2025-09,4.066912526999091
xauusd,base,causal_lorentzian,2025-10,8.197404959882675
xauusd,base,causal_lorentzian,2025-11,0.23927477851304352
xauusd,base,causal_lorentzian,2025-12,-10.170448454360832
xauusd,base,causal_lorentzian,2026-01,-2.2621481036886553
xauusd,base,causal_lorentzian,2026-02,-0.06068048672196555
xauusd,base,causal_lorentzian,2026-03,-1.6717149900703416
xauusd,base,causal_lorentzian,2026-04,-14.69117962057045
xauusd,base,causal_lorentzian,2026-05,1.3185918268627197
xauusd,base,causal_lorentzian,2026-06,4.641916407871786
xauusd,base,causal_lorentzian,2026-07,10.719109803407317
xauusd,base,causal_lorentzian,2026-08,-8.382469462278157
xauusd,base,causal_euclidean,2024-01,-9.832031845331862
xauusd,base,causal_euclidean,2024-02,-8.455075655652903
xauusd,base,causal_euclidean,2024-03,-3.3068784777904465
xauusd,base,causal_euclidean,2024-04,8.108094251369735
xauusd,base,causal_euclidean,2024-05,1.219313641116138
xauusd,base,causal_euclidean,2024-06,-0.4966248751818727
xauusd,base,causal_euclidean,2024-07,3.32074373018043
xauusd,base,causal_euclidean,2024-08,0.8479132623927241
xauusd,base,causal_euclidean,2024-09,-15.885257402025541
xauusd,base,causal_euclidean,2024-10,4.130572178700359
xauusd,base,causal_euclidean,2024-11,0.8379301223643165
xauusd,base,causal_euclidean,2024-12,5.441018943095737
xauusd,base,causal_euclidean,2025-01,1.3604616161113463
xauusd,base,causal_euclidean,2025-02,-5.958092668499569
xauusd,base,causal_euclidean,2025-03,-4.364814257187548
xauusd,base,causal_euclidean,2025-04,3.993801620740216
xauusd,base,causal_euclidean,2025-05,2.151567614245911
xauusd,base,causal_euclidean,2025-06,-16.956012452719573
xauusd,base,causal_euclidean,2025-07,-6.625367917158063
xauusd,base,causal_euclidean,2025-08,1.184262407010338
xauusd,base,causal_euclidean,2025-09,6.508768255833769
xauusd,base,causal_euclidean,2025-10,17.765062758987707
xauusd,base,causal_euclidean,2025-11,2.7315686999073208
xauusd,base,causal_euclidean,2025-12,5.9409070493995815
xauusd,base,causal_euclidean,2026-01,-2.2553697622983915
xauusd,base,causal_euclidean,2026-02,-2.780582654865977
xauusd,base,causal_euclidean,2026-03,-13.18666376062805
xauusd,base,causal_euclidean,2026-04,-1.6026719698989558
xauusd,base,causal_euclidean,2026-05,0.0159033771712771
xauusd,base,causal_euclidean,2026-06,13.60183611090503
xauusd,base,causal_euclidean,2026-07,-4.353916544870559
xauusd,base,causal_euclidean,2026-08,-1.1703283389819221
xauusd,base,simple_momentum4,2024-01,-12.303012531691351
xauusd,base,simple_momentum4,2024-02,-4.80264614116081
xauusd,base,simple_momentum4,2024-03,8.89211084738929
xauusd,base,simple_momentum4,2024-04,-2.1451530328259967
xauusd,base,simple_momentum4,2024-05,2.5216243845183497
xauusd,base,simple_momentum4,2024-06,1.520754311802154
xauusd,base,simple_momentum4,2024-07,-2.6779565919367263
xauusd,base,simple_momentum4,2024-08,-1.6690515804899075
xauusd,base,simple_momentum4,2024-09,-7.353867609938432
xauusd,base,simple_momentum4,2024-10,-2.989255918496053
xauusd,base,simple_momentum4,2024-11,6.084324902349141
xauusd,base,simple_momentum4,2024-12,-7.544093303898948
xauusd,base,simple_momentum4,2025-01,2.7003372400914536
xauusd,base,simple_momentum4,2025-02,-4.956895003364836
xauusd,base,simple_momentum4,2025-03,-9.600240258520412
xauusd,base,simple_momentum4,2025-04,3.220163877813511
xauusd,base,simple_momentum4,2025-05,14.431341384428404
xauusd,base,simple_momentum4,2025-06,-10.307006229217448
xauusd,base,simple_momentum4,2025-07,4.488737800777316
xauusd,base,simple_momentum4,2025-08,17.411736045669528
xauusd,base,simple_momentum4,2025-09,6.829400369659293
xauusd,base,simple_momentum4,2025-10,-5.371933803126348
xauusd,base,simple_momentum4,2025-11,-7.090313714666081
xauusd,base,simple_momentum4,2025-12,-18.593801296406294
xauusd,base,simple_momentum4,2026-01,6.968261849482272
xauusd,base,simple_momentum4,2026-02,-12.123528556233726
xauusd,base,simple_momentum4,2026-03,-7.996278821608521
xauusd,base,simple_momentum4,2026-04,2.7248089407316494
xauusd,base,simple_momentum4,2026-05,14.449193054273357
xauusd,base,simple_momentum4,2026-06,1.008948691595913
xauusd,base,simple_momentum4,2026-07,2.258168497108268
xauusd,base,simple_momentum4,2026-08,-1.545438479090841
xauusd,base,filter_only_kernel,2024-01,-14.303012531691348
xauusd,base,filter_only_kernel,2024-02,-3.197420423017257
xauusd,base,filter_only_kernel,2024-03,7.804823989182372
xauusd,base,filter_only_kernel,2024-04,-1.1451530328259762
xauusd,base,filter_only_kernel,2024-05,1.521624384518361
xauusd,base,filter_only_kernel,2024-06,1.520754311802154
xauusd,base,filter_only_kernel,2024-07,-3.682562011330986
xauusd,base,filter_only_kernel,2024-08,-2.669051580489919
xauusd,base,filter_only_kernel,2024-09,-8.353867609938352
xauusd,base,filter_only_kernel,2024-10,-2.6470421540602325
xauusd,base,filter_only_kernel,2024-11,-1.4703536368364283
xauusd,base,filter_only_kernel,2024-12,-9.544093303898991
xauusd,base,filter_only_kernel,2025-01,-2.9970836480207357
xauusd,base,filter_only_kernel,2025-02,-2.5328794816512987
xauusd,base,filter_only_kernel,2025-03,-8.31849473886846
xauusd,base,filter_only_kernel,2025-04,4.073670053530613
xauusd,base,filter_only_kernel,2025-05,11.431341384428418
xauusd,base,filter_only_kernel,2025-06,-15.131839919198582
xauusd,base,filter_only_kernel,2025-07,5.0183992540333255
xauusd,base,filter_only_kernel,2025-08,19.96578378618893
xauusd,base,filter_only_kernel,2025-09,11.902490244395176
xauusd,base,filter_only_kernel,2025-10,-5.371933803126376
xauusd,base,filter_only_kernel,2025-11,-7.090313714666081
xauusd,base,filter_only_kernel,2025-12,-12.157205277097383
xauusd,base,filter_only_kernel,2026-01,6.968261849482272
xauusd,base,filter_only_kernel,2026-02,-7.6111438770330295
xauusd,base,filter_only_kernel,2026-03,-5.996278821608469
xauusd,base,filter_only_kernel,2026-04,1.0177235575304695
xauusd,base,filter_only_kernel,2026-05,14.449193054273357
xauusd,base,filter_only_kernel,2026-06,0.008948691595889013
xauusd,base,filter_only_kernel,2026-07,3.2581684971082403
xauusd,base,filter_only_kernel,2026-08,-1.545438479090841
xauusd,stress,causal_lorentzian,2024-01,-10.151508721405689
xauusd,stress,causal_lorentzian,2024-02,-6.701374122041952
xauusd,stress,causal_lorentzian,2024-03,-4.733722706500142
xauusd,stress,causal_lorentzian,2024-04,-6.333743257227644
xauusd,stress,causal_lorentzian,2024-05,-1.3249271677172538
xauusd,stress,causal_lorentzian,2024-06,-2.7994693659472887
xauusd,stress,causal_lorentzian,2024-07,4.070031067664178
xauusd,stress,causal_lorentzian,2024-08,-4.569527028388354
xauusd,stress,causal_lorentzian,2024-09,-13.687648694425523
xauusd,stress,causal_lorentzian,2024-10,2.1377023306073104
xauusd,stress,causal_lorentzian,2024-11,14.185812036353243
xauusd,stress,causal_lorentzian,2024-12,-5.198007652080205
xauusd,stress,causal_lorentzian,2025-01,-7.01720221814702
xauusd,stress,causal_lorentzian,2025-02,-7.256003889637595
xauusd,stress,causal_lorentzian,2025-03,-6.933593119790393
xauusd,stress,causal_lorentzian,2025-04,4.452974148110659
xauusd,stress,causal_lorentzian,2025-05,5.528520434668689
xauusd,stress,causal_lorentzian,2025-06,-11.832526712754623
xauusd,stress,causal_lorentzian,2025-07,-2.714786311604392
xauusd,stress,causal_lorentzian,2025-08,11.53936879304401
xauusd,stress,causal_lorentzian,2025-09,3.5444284187352824
xauusd,stress,causal_lorentzian,2025-10,7.85883179669913
xauusd,stress,causal_lorentzian,2025-11,0.05230497572574333
xauusd,stress,causal_lorentzian,2025-12,-10.371395713387232
xauusd,stress,causal_lorentzian,2026-01,-3.448957151877546
xauusd,stress,causal_lorentzian,2026-02,-0.17932579225248074
xauusd,stress,causal_lorentzian,2026-03,-1.8483973432396354
xauusd,stress,causal_lorentzian,2026-04,-14.7989946109081
xauusd,stress,causal_lorentzian,2026-05,1.0151281410425996
xauusd,stress,causal_lorentzian,2026-06,4.411630727910599
xauusd,stress,causal_lorentzian,2026-07,10.201310460425814
xauusd,stress,causal_lorentzian,2026-08,-8.706591884379531
xauusd,stress,causal_euclidean,2024-01,-11.165087191527016
xauusd,stress,causal_euclidean,2024-02,-9.786032157721223
xauusd,stress,causal_euclidean,2024-03,-4.075075993171066
xauusd,stress,causal_euclidean,2024-04,5.591747838914566
xauusd,stress,causal_euclidean,2024-05,0.32427533075252213
xauusd,stress,causal_euclidean,2024-06,-1.414363594173937
xauusd,stress,causal_euclidean,2024-07,1.4052581907982464
xauusd,stress,causal_euclidean,2024-08,-0.8585611948434079
xauusd,stress,causal_euclidean,2024-09,-17.43320469075867
xauusd,stress,causal_euclidean,2024-10,-5.820067811568054
xauusd,stress,causal_euclidean,2024-11,0.7899572366920955
xauusd,stress,causal_euclidean,2024-12,4.679955115327848
xauusd,stress,causal_euclidean,2025-01,-0.9109224060240455
xauusd,stress,causal_euclidean,2025-02,-5.745213748468482
xauusd,stress,causal_euclidean,2025-03,-5.999260726632466
xauusd,stress,causal_euclidean,2025-04,3.5930642014328935
xauusd,stress,causal_euclidean,2025-05,2.1457974952451973
xauusd,stress,causal_euclidean,2025-06,-18.32644101862343
xauusd,stress,causal_euclidean,2025-07,-8.226287093938623
xauusd,stress,causal_euclidean,2025-08,-0.25679252417755705
xauusd,stress,causal_euclidean,2025-09,5.861014952838238
xauusd,stress,causal_euclidean,2025-10,17.868162747588624
xauusd,stress,causal_euclidean,2025-11,2.5336329213821442
xauusd,stress,causal_euclidean,2025-12,5.49997134218467
xauusd,stress,causal_euclidean,2026-01,-2.490107874488179
xauusd,stress,causal_euclidean,2026-02,-2.895466629716453
xauusd,stress,causal_euclidean,2026-03,-13.308195510604078
xauusd,stress,causal_euclidean,2026-04,1.0375507432860083
xauusd,stress,causal_euclidean,2026-05,-0.22152196433658233
xauusd,stress,causal_euclidean,2026-06,13.235160527505311
xauusd,stress,causal_euclidean,2026-07,-4.7265586484869875
xauusd,stress,causal_euclidean,2026-08,-1.4177703882882495
xauusd,stress,simple_momentum4,2024-01,-9.84282797690606
xauusd,stress,simple_momentum4,2024-02,-6.825157601355008
xauusd,stress,simple_momentum4,2024-03,7.23869664933883
xauusd,stress,simple_momentum4,2024-04,-3.2939198353642762
xauusd,stress,simple_momentum4,2024-05,1.3436937988645514
xauusd,stress,simple_momentum4,2024-06,-1.8617926075380156
xauusd,stress,simple_momentum4,2024-07,-3.8940939371374643
xauusd,stress,simple_momentum4,2024-08,-0.11193096869585228
xauusd,stress,simple_momentum4,2024-09,-9.089789972244011
xauusd,stress,simple_momentum4,2024-10,-12.313180218618749
xauusd,stress,simple_momentum4,2024-11,7.353926202942287
xauusd,stress,simple_momentum4,2024-12,-8.465489806741406
xauusd,stress,simple_momentum4,2025-01,1.4292759190177904
xauusd,stress,simple_momentum4,2025-02,-4.116324816270492
xauusd,stress,simple_momentum4,2025-03,-11.297886647584352
xauusd,stress,simple_momentum4,2025-04,3.0181627521910124
xauusd,stress,simple_momentum4,2025-05,14.261605642946567
xauusd,stress,simple_momentum4,2025-06,-10.961620378990265
xauusd,stress,simple_momentum4,2025-07,3.393289081944319
xauusd,stress,simple_momentum4,2025-08,15.766462692220347
xauusd,stress,simple_momentum4,2025-09,6.1254647012878225
xauusd,stress,simple_momentum4,2025-10,-5.716889521785949
xauusd,stress,simple_momentum4,2025-11,-7.503241287347254
xauusd,stress,simple_momentum4,2025-12,-18.901842918628233
xauusd,stress,simple_momentum4,2026-01,6.582414796286874
xauusd,stress,simple_momentum4,2026-02,-12.186324155170457
xauusd,stress,simple_momentum4,2026-03,-8.212633562153572
xauusd,stress,simple_momentum4,2026-04,5.202735421548562
xauusd,stress,simple_momentum4,2026-05,14.000142439679303
xauusd,stress,simple_momentum4,2026-06,0.668466635092759
xauusd,stress,simple_momentum4,2026-07,1.6587269678350898
xauusd,stress,simple_momentum4,2026-08,-1.9695646890956882
xauusd,stress,filter_only_kernel,2024-01,-11.842827976906042
xauusd,stress,filter_only_kernel,2024-02,-5.260107570511259
xauusd,stress,filter_only_kernel,2024-03,6.1816147416716385
xauusd,stress,filter_only_kernel,2024-04,-2.2939198353642327
xauusd,stress,filter_only_kernel,2024-05,0.34369379886453033
xauusd,stress,filter_only_kernel,2024-06,-1.8617926075380156
xauusd,stress,filter_only_kernel,2024-07,-4.759822261928704
xauusd,stress,filter_only_kernel,2024-08,-1.1119309686958894
xauusd,stress,filter_only_kernel,2024-09,-10.089789972244006
xauusd,stress,filter_only_kernel,2024-10,-11.919881241384859
xauusd,stress,filter_only_kernel,2024-11,-0.01706895845198786
xauusd,stress,filter_only_kernel,2024-12,-10.465489806741534
xauusd,stress,filter_only_kernel,2025-01,-4.012425384578269
xauusd,stress,filter_only_kernel,2025-02,-2.0391044149072806
xauusd,stress,filter_only_kernel,2025-03,-10.068069273081655
xauusd,stress,filter_only_kernel,2025-04,3.4491887217274564
xauusd,stress,filter_only_kernel,2025-05,11.261605642946522
xauusd,stress,filter_only_kernel,2025-06,-15.674222520018033
xauusd,stress,filter_only_kernel,2025-07,3.9680172529640894
xauusd,stress,filter_only_kernel,2025-08,18.227733969487712
xauusd,stress,filter_only_kernel,2025-09,11.125304277675177
xauusd,stress,filter_only_kernel,2025-10,-5.716889521785979
xauusd,stress,filter_only_kernel,2025-11,-7.503241287347254
xauusd,stress,filter_only_kernel,2025-12,-12.538763430430791
xauusd,stress,filter_only_kernel,2026-01,6.582414796286874
xauusd,stress,filter_only_kernel,2026-02,-7.711615418582319
xauusd,stress,filter_only_kernel,2026-03,-6.212633562153541
xauusd,stress,filter_only_kernel,2026-04,3.5269051074346462
xauusd,stress,filter_only_kernel,2026-05,14.000142439679303
xauusd,stress,filter_only_kernel,2026-06,-0.33153336490724894
xauusd,stress,filter_only_kernel,2026-07,2.6587269678350847
xauusd,stress,filter_only_kernel,2026-08,-1.9695646890956882
