asset,timeframe,month,total_r,trades
sp500,15min,2024-01,2.6664772367590217,44
sp500,15min,2024-02,-3.0206144020168573,24
sp500,15min,2024-03,-16.397874696649346,34
sp500,15min,2024-04,8.196266311129573,35
sp500,15min,2024-05,-18.123188876078824,29
sp500,15min,2024-06,3.7864289560357065,39
sp500,15min,2024-07,23.964980770736346,45
sp500,15min,2024-08,-6.0447897719352115,40
sp500,15min,2024-09,-0.7739326393269519,40
sp500,15min,2024-10,5.580087826045705,35
sp500,15min,2024-11,2.9811469189998396,44
sp500,15min,2024-12,30.50902489113069,49
sp500,15min,2025-01,-2.529985795440851,44
sp500,15min,2025-02,-6.184339525543857,29
sp500,15min,2025-03,-4.451909767093768,44
sp500,15min,2025-04,-6.743301214996392,44
sp500,15min,2025-05,-12.799337793742648,36
sp500,15min,2025-06,-0.6692635333125795,41
sp500,15min,2025-07,8.728428048443885,52
sp500,15min,2025-08,-15.877948020202846,34
sp500,15min,2025-09,-3.0712900889314074,45
sp500,15min,2025-10,7.689213439967021,53
sp500,15min,2025-11,0.6275845283794359,43
sp500,15min,2025-12,-9.43050201933901,42
sp500,15min,2026-01,11.99863659181477,40
sp500,15min,2026-02,-6.779903915336378,52
sp500,15min,2026-03,15.584353113155458,49
sp500,15min,2026-04,-1.3706352784650602,39
sp500,15min,2026-05,-0.19078905215341568,38
sp500,15min,2026-06,3.7756532670759477,50
sp500,15min,2026-07,-6.492846706709071,46
sp500,15min,2026-08,9.913629353748048,44
sp500,30min,2024-01,6.907294436080416,29
sp500,30min,2024-02,6.162933081903253,20
sp500,30min,2024-03,-4.765913383578438,19
sp500,30min,2024-04,-1.7212860695265886,18
sp500,30min,2024-05,8.393245231420787,21
sp500,30min,2024-06,14.716566760004243,22
sp500,30min,2024-07,-8.730988560200908,35
sp500,30min,2024-08,4.476147589619526,27
sp500,30min,2024-09,-0.04227199968064399,18
sp500,30min,2024-10,1.892933533893087,23
sp500,30min,2024-11,0.5897505420616092,17
sp500,30min,2024-12,-4.423773617231356,16
sp500,30min,2025-01,-0.03603113227416621,17
sp500,30min,2025-02,-6.633416398205415,18
sp500,30min,2025-03,-2.260401285721835,31
sp500,30min,2025-04,9.056061027719249,22
sp500,30min,2025-05,0.7413633389633978,21
sp500,30min,2025-06,-7.792666675630842,27
sp500,30min,2025-07,8.692747709916656,20
sp500,30min,2025-08,-1.4306837950945437,25
sp500,30min,2025-09,14.218698256977545,20
sp500,30min,2025-10,5.817171180829691,24
sp500,30min,2025-11,10.822289314980008,16
sp500,30min,2025-12,0.44051958589795515,24
sp500,30min,2026-01,-4.339879488595141,23
sp500,30min,2026-02,4.293060428777363,16
sp500,30min,2026-03,4.351817220771232,20
sp500,30min,2026-04,20.04046387134542,23
sp500,30min,2026-05,-9.359162372913172,22
sp500,30min,2026-06,-5.420697838583383,14
sp500,30min,2026-07,-6.875809529996756,23
sp500,30min,2026-08,14.986709208014743,17
sp500,1h,2024-01,-2.8822905143095676,15
sp500,1h,2024-02,6.250770408823657,15
sp500,1h,2024-03,-4.497774435306219,12
sp500,1h,2024-04,-3.637048288132805,6
sp500,1h,2024-05,3.959182330016688,8
sp500,1h,2024-06,-2.0845542329400963,4
sp500,1h,2024-07,-1.6260785803138171,15
sp500,1h,2024-08,-0.9314871552768684,17
sp500,1h,2024-09,0.6736305588292262,8
sp500,1h,2024-10,4.8837254600652855,9
sp500,1h,2024-11,3.2388770161504463,8
sp500,1h,2024-12,-6.070948512167213,8
sp500,1h,2025-01,14.423343800253978,13
sp500,1h,2025-02,-6.096523221064694,11
sp500,1h,2025-03,11.802831196291262,17
sp500,1h,2025-04,3.594402513334893,13
sp500,1h,2025-05,1.502529675868014,7
sp500,1h,2025-06,-6.1284821398957074,9
sp500,1h,2025-07,4.839266527444172,12
sp500,1h,2025-08,4.0368864027869495,8
sp500,1h,2025-09,3.741678461252178,7
sp500,1h,2025-10,-2.7942751619434407,17
sp500,1h,2025-11,0.5125258678519187,6
sp500,1h,2025-12,-2.485550931053835,9
sp500,1h,2026-01,-6.301063371157381,13
sp500,1h,2026-02,-4.318826700400663,8
sp500,1h,2026-03,3.8960306948605825,14
sp500,1h,2026-04,1.5940856792032572,9
sp500,1h,2026-05,-5.226296126916703,8
sp500,1h,2026-06,0.4600658319852593,15
sp500,1h,2026-07,0.5878655489894293,11
sp500,1h,2026-08,5.3206357167168825,6
xauusd,15min,2024-01,-4.668041433569645,48
xauusd,15min,2024-02,3.9661285250924436,39
xauusd,15min,2024-03,19.737343854025788,40
xauusd,15min,2024-04,7.664771354292387,45
xauusd,15min,2024-05,-1.1237434171103782,50
xauusd,15min,2024-06,-7.589785537214814,50
xauusd,15min,2024-07,-5.654489472958991,52
xauusd,15min,2024-08,0.04826425691159564,45
xauusd,15min,2024-09,-6.230029561997798,55
xauusd,15min,2024-10,-9.821483061986104,51
xauusd,15min,2024-11,7.6545030156366245,50
xauusd,15min,2024-12,-1.8483630828839033,41
xauusd,15min,2025-01,-11.233654063401369,53
xauusd,15min,2025-02,11.600063560888353,51
xauusd,15min,2025-03,-12.227661698811175,42
xauusd,15min,2025-04,8.118108435877836,45
xauusd,15min,2025-05,17.99823405723982,56
xauusd,15min,2025-06,-1.9517578746788324,53
xauusd,15min,2025-07,9.646406113758635,39
xauusd,15min,2025-08,-0.16676940788194883,33
xauusd,15min,2025-09,-12.16753665135367,44
xauusd,15min,2025-10,12.487987892443307,56
xauusd,15min,2025-11,2.0932918688559314,46
xauusd,15min,2025-12,-2.3830551824317925,52
xauusd,15min,2026-01,8.052914039112654,49
xauusd,15min,2026-02,-5.970463381369844,33
xauusd,15min,2026-03,14.771607973239604,52
xauusd,15min,2026-04,4.044963859038668,39
xauusd,15min,2026-05,-5.77282769298124,47
xauusd,15min,2026-06,-5.066617851379685,54
xauusd,15min,2026-07,19.19234029222393,47
xauusd,15min,2026-08,-4.587999014337108,54
xauusd,30min,2024-01,-8.754811649200436,34
xauusd,30min,2024-02,-6.640060747400558,22
xauusd,30min,2024-03,-0.6481217070936447,22
xauusd,30min,2024-04,-5.786218054539702,25
xauusd,30min,2024-05,-0.41470942103053765,24
xauusd,30min,2024-06,-2.8868826883764145,23
xauusd,30min,2024-07,5.05719693332163,21
xauusd,30min,2024-08,-4.077954731366791,18
xauusd,30min,2024-09,-11.940343549224972,29
xauusd,30min,2024-10,11.165973523828079,22
xauusd,30min,2024-11,13.895740364630305,21
xauusd,30min,2024-12,-4.774996971063252,25
xauusd,30min,2025-01,-4.538380056597111,34
xauusd,30min,2025-02,-7.458879301952172,21
xauusd,30min,2025-03,-6.468475053092093,19
xauusd,30min,2025-04,7.483890724442259,26
xauusd,30min,2025-05,3.3436805424112146,24
xauusd,30min,2025-06,-11.391863296872792,30
xauusd,30min,2025-07,-1.9388508712847519,30
xauusd,30min,2025-08,12.350503254559714,17
xauusd,30min,2025-09,4.066912526999091,20
xauusd,30min,2025-10,8.197404959882675,20
xauusd,30min,2025-11,0.23927477851304352,15
xauusd,30min,2025-12,-11.170448454360859,25
xauusd,30min,2026-01,-0.3204489522687296,18
xauusd,30min,2026-02,-1.002379638141865,13
xauusd,30min,2026-03,-1.6717149900703416,23
xauusd,30min,2026-04,-14.69117962057045,26
xauusd,30min,2026-05,1.3185918268627197,24
xauusd,30min,2026-06,4.641916407871786,18
xauusd,30min,2026-07,10.719109803407317,25
xauusd,30min,2026-08,-8.382469462278157,31
xauusd,1h,2024-01,-2.306148270608137,16
xauusd,1h,2024-02,-2.2391113149213258,8
xauusd,1h,2024-03,-0.5871073863609437,12
xauusd,1h,2024-04,-2.288842275237321,10
xauusd,1h,2024-05,0.38637736981959386,11
xauusd,1h,2024-06,1.0270908998585333,9
xauusd,1h,2024-07,10.80578004097362,14
xauusd,1h,2024-08,0.0932247304057479,12
xauusd,1h,2024-09,-2.338050361285643,11
xauusd,1h,2024-10,-4.084647893400712,11
xauusd,1h,2024-11,20.142970440494945,9
xauusd,1h,2024-12,6.933794415863844,12
xauusd,1h,2025-01,2.1024150710520595,14
xauusd,1h,2025-02,-3.4340848058982303,16
xauusd,1h,2025-03,1.307105439000983,13
xauusd,1h,2025-04,-0.2877814464546178,12
xauusd,1h,2025-05,1.0501913085586412,7
xauusd,1h,2025-06,-1.230928547657249,5
xauusd,1h,2025-07,3.3763119521478004,15
xauusd,1h,2025-08,2.3978851792784663,15
xauusd,1h,2025-09,5.5198743972643705,16
xauusd,1h,2025-10,16.00681632608598,15
xauusd,1h,2025-11,-7.954417029259812,10
xauusd,1h,2025-12,-6.319183432992558,18
xauusd,1h,2026-01,-4.53620716885557,9
xauusd,1h,2026-02,-1.1358967439479941,8
xauusd,1h,2026-03,3.882894168090681,9
xauusd,1h,2026-04,-2.2938796853539576,6
xauusd,1h,2026-05,-5.9753864399222145,11
xauusd,1h,2026-06,2.19365990158464,15
xauusd,1h,2026-07,0.08093025326438252,7
xauusd,1h,2026-08,0.6510571700155963,7
